Details,Posting Date,Description,Amount,Type,Balance,Check or Slip #
DEBIT,01/05/2026,"POS DEBIT                SHIP SAVING               CITY OF INDU CA",-11.49,MISC_DEBIT, ,,
DEBIT,01/05/2026,"POS DEBIT                SHIP SAVING               CITY OF INDU CA",-11.49,MISC_DEBIT, ,,
DEBIT,01/05/2026,"POS DEBIT                SHIP SAVING               CITY OF INDU CA",-11.49,MISC_DEBIT, ,,
DEBIT,01/05/2026,"POS DEBIT                SHIP SAVING               CITY OF INDU CA",-31.49,MISC_DEBIT, ,,
DEBIT,01/05/2026,"ORIG CO NAME:Westlake Floorin CO ENTRY DESCR:PAYABLES   SEC:CCD IND ID:100499447       ORIG ID:1352426469",-2021.83,ACH_DEBIT, ,,
CREDIT,01/05/2026,"ORIG CO NAME:TSYS/TRANSFIRST  CO ENTRY DESCR:CR CD DEP  SEC:CCD IND ID:543684556033333 ORIG ID:WFBTRANSF1",2500.00,ACH_CREDIT, ,,
CREDIT,01/05/2026,"ORIG CO NAME:TSYS/TRANSFIRST  CO ENTRY DESCR:CR CD DEP  SEC:CCD IND ID:543684556033333 ORIG ID:WFBTRANSF1",5150.00,ACH_CREDIT, ,,
CREDIT,01/05/2026,"ORIG CO NAME:NEXTGEAR FUNDING CO ENTRY DESCR:FUNDING    SEC:CCD IND ID:155929          ORIG ID:1201990165",54600.00,ACH_CREDIT, ,,
CREDIT,01/05/2026,"ATM DEP -  2086 FOOTHILL BLVD LA VERNE CA",5000.00,MISC_CREDIT, ,,
CREDIT,01/05/2026,"ZELLE PAYMENT FROM CUIPING SHI BACKN3PA1K2G",1000.00,PARTNERFI_TO_CHASE, ,,
DEBIT,01/05/2026,"ORIG CO NAME:CA DEPT TAX FEE  CO ENTRY DESCR:CDTFA EPMT SEC:CCD IND ID:23197660        ORIG ID:2822162215",-38423.00,ACH_DEBIT, ,,
DEBIT,01/05/2026,"ORIG CO NAME:NEXTGEAR PAYMENT CO ENTRY DESCR:PAYMENT    SEC:CCD IND ID:155929          ORIG ID:1260401907",-28349.45,ACH_DEBIT, ,,
DEBIT,01/05/2026,"ORIG CO NAME:NEXTGEAR PAYMENT CO ENTRY DESCR:PAYMENT    SEC:CCD IND ID:155929          ORIG ID:1260401907",-33691.92,ACH_DEBIT, ,,
DEBIT,01/05/2026,"ORIG CO NAME:NEXTGEAR PAYMENT CO ENTRY DESCR:PAYMENT    SEC:CCD IND ID:155929          ORIG ID:1260401907",-31567.79,ACH_DEBIT, ,,
CREDIT,01/05/2026,"ORIG CO NAME:WESTLAKE FINANCI CO ENTRY DESCR:PAYABLES   SEC:PPD                        ORIG ID:2272814169",21354.64,ACH_CREDIT, ,,
CREDIT,01/05/2026,"ORIG CO NAME:Perimeter Billia CO ENTRY DESCR:SHOPIFY    SEC:CCD IND ID:O1I0X6T9F7V7    ORIG ID:STRIPE6088",40000.00,ACH_CREDIT, ,,
DEBIT,01/03/2026,"POS DEBIT                SHIP SAVING              CITY OF INDU  CA",-11.49,MISC_DEBIT, ,,
DEBIT,01/03/2026,"POS DEBIT                SHIP SAVING              CITY OF INDU  CA",-11.49,MISC_DEBIT, ,,
DEBIT,01/03/2026,"POS DEBIT                SHIP SAVING              CITY OF INDU  CA",-11.49,MISC_DEBIT, ,,
DEBIT,01/03/2026,"POS DEBIT                SHIP SAVING              CITY OF INDU  CA",-11.49,MISC_DEBIT, ,,
DEBIT,01/02/2026,"Zelle payment to ch JPM99c0prmy0",-248.00,CHASE_TO_PARTNERFI,10604.56,,
DEBIT,01/02/2026,"ORIG CO NAME:NEXTGEAR PAYMENT       ORIG ID:1260401907 DESC DATE:123125 CO ENTRY DESCR:PAYMENT   SEC:CCD    TRACE#:091000015035238 EED:260102   IND ID:155929                       IND NAME:ICAR LIFESTYLE TRN: 0025035238TC",-2791.03,ACH_DEBIT,10852.56,,
DEBIT,01/02/2026,"ORIG CO NAME:NEXTGEAR PAYMENT       ORIG ID:1260401907 DESC DATE:123125 CO ENTRY DESCR:PAYMENT   SEC:CCD    TRACE#:091000016149989 EED:260102   IND ID:155929                       IND NAME:ICAR LIFESTYLE TRN: 0026149989TC",-41468.63,ACH_DEBIT,13643.59,,
DEBIT,01/02/2026,"ORIG CO NAME:NEXTGEAR PAYMENT       ORIG ID:1260401907 DESC DATE:123125 CO ENTRY DESCR:PAYMENT   SEC:CCD    TRACE#:091000016149988 EED:260102   IND ID:155929                       IND NAME:ICAR LIFESTYLE TRN: 0026149988TC",-69968.72,ACH_DEBIT,55112.22,,
DEBIT,01/02/2026,"Zelle payment to Icar 27153616517",-2500.00,QUICKPAY_DEBIT,125080.94,,
CREDIT,01/02/2026,"Zelle payment from CUIPING SHI BACrqx7xhi4p",400.00,PARTNERFI_TO_CHASE,127580.94,,
CREDIT,01/02/2026,"ATM CHECK DEPOSIT 01/02 60 E HUNTINGTON DR ARCADIA CA",4000.00,ATM_DEPOSIT,127180.94,,
CREDIT,01/02/2026,"ATM CASH DEPOSIT 01/02 60 E HUNTINGTON DR ARCADIA CA",5000.00,ATM,123180.94,,
CREDIT,01/02/2026,"ATM CASH DEPOSIT 01/01 60 E HUNTINGTON DR ARCADIA CA",8700.00,ATM,118180.94,,
DEBIT,12/31/2025,"Zelle payment to lee JPM99c0fujx1",-1829.91,CHASE_TO_PARTNERFI,109480.94,,
DEBIT,12/31/2025,"Zelle payment to Zijie 27533745840",-1356.84,QUICKPAY_DEBIT,111310.85,,
DEBIT,12/31/2025,"ORIG CO NAME:Westlake Floorin       ORIG ID:1352426469 DESC DATE:123025 CO ENTRY DESCR:PAYABLES  SEC:CCD    TRACE#:122232107972354 EED:251231   IND ID:100499447                    IND NAME:ICAR Lifestyle             100499447 ,ICAR Lifestyle      ,VIN :5UX23EU06S9W25247 ,2025-B M W-X SE ERIES     DYNAMIC EFT TRN: 3657972354TC",-698.57,ACH_DEBIT,112667.69,,
DEBIT,12/31/2025,"ORIG CO NAME:NEXTGEAR PAYMENT       ORIG ID:1260401907 DESC DATE:123025 CO ENTRY DESCR:PAYMENT   SEC:CCD    TRACE#:091000015411005 EED:251231   IND ID:155929                       IND NAME:ICAR LIFESTYLE TRN: 3655411005TC",-26352.00,ACH_DEBIT,113366.26,,
DEBIT,12/31/2025,"Zelle payment to angel JPM99c0ckcpt",-120.00,CHASE_TO_PARTNERFI,139718.26,,
DEBIT,12/31/2025,"Zelle payment to raad auto JPM99c0c8ygb",-300.00,CHASE_TO_PARTNERFI,139838.26,,
CREDIT,12/31/2025,"Zelle payment from YAN LIU 27532454156",2000.00,QUICKPAY_CREDIT,140138.26,,
CREDIT,12/31/2025,"ORIG CO NAME:WESTLAKE FINANCI       ORIG ID:2272814169 DESC DATE:123025 CO ENTRY DESCR:PAYABLES  SEC:PPD    TRACE#:091000015869095 EED:251231   IND ID:                             IND NAME:ATTITUDE D LLC TRN: 3655869095TC",22450.01,ACH_CREDIT,138138.26,,
CREDIT,12/31/2025,"ORIG CO NAME:WESTLAKE FINANCI       ORIG ID:2272814169 DESC DATE:123025 CO ENTRY DESCR:PAYABLES  SEC:PPD    TRACE#:091000015869093 EED:251231   IND ID:                             IND NAME:ATTITUDE D LLC TRN: 3655869093TC",30274.00,ACH_CREDIT,115688.25,,
DSLIP,12/31/2025,"DEPOSIT  ID NUMBER 198682",58035.00,DEPOSIT,85414.25,,
DEBIT,12/30/2025,"Zelle payment to yicui JPM99c0b0xr7",-15.00,CHASE_TO_PARTNERFI,27379.25,,
DEBIT,12/30/2025,"Zelle payment to andra feng JPM99c0at376",-30.00,CHASE_TO_PARTNERFI,27394.25,,
DEBIT,12/30/2025,"ORIG CO NAME:NOWCOM, LLC            ORIG ID:1911718107 DESC DATE:       CO ENTRY DESCR:DEALERCNTRSEC:CCD    TRACE#:104000018820143 EED:251230   IND ID:M121403959066                IND NAME:ATTITUDE D LLC TRN: 3648820143TC",-1066.18,ACH_DEBIT,27424.25,,
DEBIT,12/30/2025,"ORIG CO NAME:NEXTGEAR PAYMENT       ORIG ID:1260401907 DESC DATE:122925 CO ENTRY DESCR:PAYMENT   SEC:CCD    TRACE#:091000019292047 EED:251230   IND ID:155929                       IND NAME:ICAR LIFESTYLE TRN: 3649292047TC",-4120.65,ACH_DEBIT,28490.43,,
DEBIT,12/30/2025,"ORIG CO NAME:Westlake Fin 323       ORIG ID:1222528269 DESC DATE:251229 CO ENTRY DESCR:Westlake  SEC:CCD    TRACE#:051000010356087 EED:251230   IND ID:000001802623972              IND NAME:ATTITUDE D LLC                                                                                               9003488 TRN: 3640356087TC",-19156.49,ACH_DEBIT,32611.08,,
DEBIT,12/30/2025,"ORIG CO NAME:NEXTGEAR PAYMENT       ORIG ID:1260401907 DESC DATE:122925 CO ENTRY DESCR:PAYMENT   SEC:CCD    TRACE#:091000019292046 EED:251230   IND ID:155929                       IND NAME:ICAR LIFESTYLE TRN: 3649292046TC",-32034.10,ACH_DEBIT,51767.57,,
CREDIT,12/30/2025,"Zelle payment from XU HAN BACkzcz9daeo",1000.00,PARTNERFI_TO_CHASE,83801.67,,
DEBIT,12/29/2025,"CA DMV LOS ANGELES BSC COVINA CA     423968  12/29",-1079.00,DEBIT_CARD,82801.67,,
DEBIT,12/29/2025,"ORIG CO NAME:Westlake Floorin       ORIG ID:1352426469 DESC DATE:122725 CO ENTRY DESCR:PAYABLES  SEC:CCD    TRACE#:122232105228586 EED:251229   IND ID:100499447                    IND NAME:ICAR Lifestyle             100499447 ,ICAR Lifestyle      ,VIN :55SWF4JB2JU263558 ,2018-Mercedes-B Benz-C-ClaDYNAMIC EFT TRN: 3635228586TC",-17956.20,ACH_DEBIT,83880.67,,
DEBIT,12/29/2025,"ORIG CO NAME:Westlake Floorin       ORIG ID:1352426469 DESC DATE:122625 CO ENTRY DESCR:PAYABLES  SEC:CCD    TRACE#:122232104076118 EED:251229   IND ID:100499447                    IND NAME:ICAR Lifestyle             100499447 ,ICAR Lifestyle      ,VIN :JTNABAAE7RA012597 ,2024-Toyota-GR   Corolla  DYNAMIC EFT TRN: 3634076118TC",-3352.10,ACH_DEBIT,101836.87,,
DEBIT,12/29/2025,"Zelle payment to 1md JPM99c04dqsh",-1000.00,CHASE_TO_PARTNERFI,105188.97,,
DEBIT,12/29/2025,"Zelle payment to angel JPM99c013kbf",-225.00,CHASE_TO_PARTNERFI,106188.97,,
DEBIT,12/29/2025,"ORIG CO NAME:CA DEPT TAX FEE        ORIG ID:2822162215 DESC DATE:251229 CO ENTRY DESCR:CDTFA EPMTSEC:CCD    TRACE#:042000010956302 EED:251229   IND ID:23168240                     IND NAME:ATTITUDE D LLC TRN: 3630956302TC",-20836.28,ACH_DEBIT,106413.97,,
DEBIT,12/29/2025,"Zelle payment to ch JPM99bzx2o31",-105.00,CHASE_TO_PARTNERFI,127250.25,,
CREDIT,12/29/2025,"Zelle payment from ZIJIE JIANG 27488887784",50.00,QUICKPAY_CREDIT,127355.25,,
CREDIT,12/29/2025,"ORIG CO NAME:Perimeter Billia       ORIG ID:STRIPE6088 DESC DATE:SD1310 CO ENTRY DESCR:SHOPIFY   SEC:CCD    TRACE#:242071753378203 EED:251229   IND ID:W7K7I2C2J6Y1                 IND NAME:ATTITUDE D LLC                                                                                               STRIPE6088 TRN: 3633378203TC",11000.00,ACH_CREDIT,127305.25,,
CREDIT,12/29/2025,"ORIG CO NAME:WESTLAKE FINANCI       ORIG ID:2272814169 DESC DATE:122625 CO ENTRY DESCR:PAYABLES  SEC:PPD    TRACE#:091000010609099 EED:251229   IND ID:                             IND NAME:ATTITUDE D LLC TRN: 3630609099TC",27898.27,ACH_CREDIT,116305.25,,
CHECK,12/26/2025,"CHECK 1102  12/26",-32000.00,CHECK_PAID,88406.98,1102,
DEBIT,12/26/2025,"ORIG CO NAME:MANHEIM                ORIG ID:1581936030 DESC DATE:       CO ENTRY DESCR:ACH PAYMNTSEC:CCD    TRACE#:091000014250765 EED:251226   IND ID:ACH6967825                   IND NAME:ICAR LIFESTYLE TRN: 3604250765TC",-135.00,ACH_DEBIT,120406.98,,
DEBIT,12/26/2025,"ORIG CO NAME:NEXTGEAR PAYMENT       ORIG ID:1260401907 DESC DATE:122425 CO ENTRY DESCR:PAYMENT   SEC:CCD    TRACE#:091000014437495 EED:251226   IND ID:155929                       IND NAME:ICAR LIFESTYLE TRN: 3604437495TC",-26025.36,ACH_DEBIT,120541.98,,
CREDIT,12/26/2025,"Zelle payment from CHELSEA STITT 27471743479",1000.00,QUICKPAY_CREDIT,146567.34,,
CREDIT,12/26/2025,"ORIG CO NAME: MANHEIM US            ORIG ID:1582577037 DESC DATE:       CO ENTRY DESCR:ACH PAYMNTSEC:CCD    TRACE#:091000015031948 EED:251226   IND ID:18047257                     IND NAME:ICAR LIFESTYLE                                                                                               6037681 TRN: 3605031948TC",18170.00,ACH_CREDIT,145567.34,,
CREDIT,12/26/2025,"ORIG CO NAME:WESTLAKE FINANCI       ORIG ID:2272814169 DESC DATE:122425 CO ENTRY DESCR:PAYABLES  SEC:PPD    TRACE#:091000014369847 EED:251226   IND ID:                             IND NAME:ATTITUDE D LLC TRN: 3604369847TC",42855.49,ACH_CREDIT,127397.34,,
CREDIT,12/26/2025,"ORIG CO NAME:Perimeter Billia       ORIG ID:STRIPE6088 DESC DATE:SD1920 CO ENTRY DESCR:SHOPIFY   SEC:CCD    TRACE#:242071755524933 EED:251226   IND ID:N2C8T5E5Y1U5                 IND NAME:ATTITUDE D LLC                                                                                               STRIPE6088 TRN: 3605524933TC",50000.00,ACH_CREDIT,84541.85,,
DEBIT,12/24/2025,"Zelle payment to ch JPM99bzp2obz",-1835.00,CHASE_TO_PARTNERFI,34541.85,,
DEBIT,12/24/2025,"Zelle payment to harv JPM99bzos127",-700.00,CHASE_TO_PARTNERFI,36376.85,,
DEBIT,12/24/2025,"Zelle payment to JACKIE 27454433509",-14.53,QUICKPAY_DEBIT,37076.85,,
DEBIT,12/24/2025,"Zelle payment to abcd 27452861002",-300.00,QUICKPAY_DEBIT,37091.38,,
DEBIT,12/24/2025,"Zelle payment to wsc 27452152711",-900.00,QUICKPAY_DEBIT,37391.38,,
DEBIT,12/24/2025,"ORIG CO NAME:Westlake Floorin       ORIG ID:1352426469 DESC DATE:122325 CO ENTRY DESCR:PAYABLES  SEC:CCD    TRACE#:122232105739543 EED:251224   IND ID:100499447                    IND NAME:ICAR Lifestyle             100499447 ,ICAR Lifestyle      ,VIN :55SWF4JB2JU263558 ,2018-Mercedes-B Benz-C-ClaDYNAMIC EFT TRN: 3585739543TC",-1353.08,ACH_DEBIT,38291.38,,
DEBIT,12/24/2025,"ORIG CO NAME:Westlake Floorin       ORIG ID:1352426469 DESC DATE:122325 CO ENTRY DESCR:PAYABLES  SEC:CCD    TRACE#:122232105739533 EED:251224   IND ID:100499447                    IND NAME:ICAR Lifestyle             100499447 ,ICAR Lifestyle      ,VIN :W1N0G8DB3NG093397 ,2022-Mercedes-B Benz-GLC  DYNAMIC EFT TRN: 3585739533TC",-1936.64,ACH_DEBIT,39644.46,,
CREDIT,12/24/2025,"ORIG CO NAME:MOBILE COMMERCE        ORIG ID:9200502235 DESC DATE:251224 CO ENTRY DESCR:ACH Pmt   SEC:CCD    TRACE#:021000023146173 EED:251224   IND ID:11200673053                  IND NAME:ATTITUDE D LLC DBA ICA     1GYS3KKL5PR212203 downpayment TRN: 3583146173TC",5000.00,ACH_CREDIT,41581.10,,
DEBIT,12/23/2025,"Zelle payment to ch JPM99bzkm2je",-1296.00,CHASE_TO_PARTNERFI,36581.10,,
DEBIT,12/23/2025,"Zelle payment to alex tesla JPM99bzirvhy",-750.00,CHASE_TO_PARTNERFI,37877.10,,
DEBIT,12/23/2025,"ORIG CO NAME:WASTE MANAGEMENT       ORIG ID:9580653001 DESC DATE:251221 CO ENTRY DESCR:PAYMENT   SEC:CCD    TRACE#:021000022303524 EED:251223   IND ID:000221937893009              IND NAME:Cundi Fang                 Log in to the MY WM Account Page fo r payment details. TRN: 3572303524TC",-277.55,ACH_DEBIT,38627.10,,
DEBIT,12/23/2025,"Zelle payment to jep JPM99bzgaqat",-300.00,CHASE_TO_PARTNERFI,38904.65,,
DEBIT,12/23/2025,"SHIP SAVING 833-387-7396 CA                  12/23",-26.26,DEBIT_CARD,39204.65,,
DEBIT,12/23/2025,"CENTRALDISPATCH.COM 858-259-6084 NY          12/22",-199.95,DEBIT_CARD,39230.91,,
CREDIT,12/23/2025,"Zelle payment from DREW A KRINGEL 27432725449",2000.00,QUICKPAY_CREDIT,39430.86,,
DSLIP,12/23/2025,"DEPOSIT  ID NUMBER 490522",9500.00,DEPOSIT,37430.86,,
DSLIP,12/23/2025,"REMOTE ONLINE DEPOSIT #          1",10000.00,CHECK_DEPOSIT,27930.86,1,
DEBIT,12/22/2025,"Zelle payment to suburban JPM99bzfisbf",-500.00,CHASE_TO_PARTNERFI,17930.86,,
DEBIT,12/22/2025,"ONLINE DOMESTIC WIRE TRANSFER VIA: BK AMER NYC/026009593 A/C: YICUI EL MONTE CA 91732 US REF: 430PAYOFF IMAD: 1222MMQFMP2N038574 TRN: 3900855356ES 12/22",-30909.00,WIRE_OUTGOING,18430.86,,
DEBIT,12/22/2025,"Zelle payment to Ovis JPM99bzef2oi",-150.00,CHASE_TO_PARTNERFI,49339.86,,
DEBIT,12/22/2025,"Zelle payment to alber 27415013393",-1000.00,QUICKPAY_DEBIT,49489.86,,
DEBIT,12/22/2025,"Zelle payment to godfather  27410440646",-200.00,QUICKPAY_DEBIT,50489.86,,
DEBIT,12/22/2025,"ORIG CO NAME:NEXTGEAR PAYMENT       ORIG ID:1260401907 DESC DATE:121925 CO ENTRY DESCR:PAYMENT   SEC:CCD    TRACE#:091000016173143 EED:251222   IND ID:155929                       IND NAME:ICAR LIFESTYLE TRN: 3566173143TC",-5000.79,ACH_DEBIT,50689.86,,
DEBIT,12/22/2025,"Zelle payment to clean JPM99bz43nnc",-150.00,CHASE_TO_PARTNERFI,55690.65,,
DEBIT,12/22/2025,"DEPOSITED ITEM RETURNED       Endorse Missing099014154                                       # OF ITEMS00001CK#:0220665170                                        DEP AMT               DEP DATE010101CK AMT0000950000",-9500.00,DEPOSIT_RETURN,55840.65,,
CREDIT,12/22/2025,"Zelle payment from NAIRUOLAN SU BACudbo0nzey",300.00,PARTNERFI_TO_CHASE,65340.65,,
DSLIP,12/22/2025,"REMOTE ONLINE DEPOSIT #          1",20000.00,CHECK_DEPOSIT,65040.65,1,
DEBIT,12/19/2025,"Zelle payment to godfather  27398686065",-1000.00,QUICKPAY_DEBIT,45040.65,,
DEBIT,12/19/2025,"Zelle payment to shangqi li JPM99byxe50l",-1829.19,CHASE_TO_PARTNERFI,46040.65,,
DEBIT,12/19/2025,"HELP HALF PLUS INC. 833-387-7396 CA          12/19",-11.49,DEBIT_CARD,47869.84,,
DEBIT,12/19/2025,"HELP HALF PLUS INC. 833-387-7396 CA          12/19",-28.28,DEBIT_CARD,47881.33,,
CHECK,12/18/2025,"CHECK 1119  ",-774.77,CHECK_PAID,47909.61,1119,
CHECK,12/18/2025,"CHECK 1118  ",-984.42,CHECK_PAID,48684.38,1118,
CHECK,12/18/2025,"CHECK 1117  ",-1356.84,CHECK_PAID,49668.80,1117,
DEBIT,12/18/2025,"Zelle payment to ting to 27381252096",-1356.84,QUICKPAY_DEBIT,51025.64,,
CREDIT,12/18/2025,"ORIG CO NAME:MOBILE COMMERCE        ORIG ID:9200502235 DESC DATE:251218 CO ENTRY DESCR:ACH Pmt   SEC:CCD    TRACE#:021000029419054 EED:251218   IND ID:11199926181                  IND NAME:ATTITUDE D LLC DBA ICA TRN: 3529419054TC",4500.00,ACH_CREDIT,52382.48,,
DSLIP,12/18/2025,"REMOTE ONLINE DEPOSIT #          1",9500.00,CHECK_DEPOSIT,47882.48,1,
DEBIT,12/17/2025,"Zelle payment to egtransport JPM99byru4a3",-1000.00,CHASE_TO_PARTNERFI,38382.48,,
DEBIT,12/17/2025,"ORIG CO NAME:NEXTGEAR PAYMENT       ORIG ID:1260401907 DESC DATE:121625 CO ENTRY DESCR:PAYMENT   SEC:CCD    TRACE#:091000010379563 EED:251217   IND ID:155929                       IND NAME:ICAR LIFESTYLE TRN: 3510379563TC",-66187.20,ACH_DEBIT,39382.48,,
CREDIT,12/17/2025,"FEDWIRE CREDIT VIA: REGIONS BANK/062005690 B/O: LENDBUZZ FUNDING LLC BOSTON MA 02110 REF: CHASE NYC/CTR/BNF=ATTITUDE D LLC ARCADIA CA 91007-2839 US/AC-000000009 120 RFB=NOTPROVIDED OBI=/URI/ZN682A VM1P7432224 : 2302727 BBI=/ACC/4768 86X2302727 IMAD: 1217F2QCZ00C001925 TRN: 0752571351FF",20181.52,WIRE_INCOMING,105569.68,,
DEBIT,12/16/2025,"Zelle payment to ch JPM99byognfp",-185.00,CHASE_TO_PARTNERFI,85388.16,,
DEBIT,12/16/2025,"Zelle payment to Ifinity JPM99bynqvxz",-700.00,CHASE_TO_PARTNERFI,85573.16,,
DEBIT,12/16/2025,"ORIG CO NAME:NEXTGEAR PAYMENT       ORIG ID:1260401907 DESC DATE:121525 CO ENTRY DESCR:PAYMENT   SEC:CCD    TRACE#:091000011026052 EED:251216   IND ID:155929                       IND NAME:ICAR LIFESTYLE TRN: 3501026052TC",-2619.34,ACH_DEBIT,86273.16,,
DEBIT,12/16/2025,"ORIG CO NAME:NEXTGEAR PAYMENT       ORIG ID:1260401907 DESC DATE:121525 CO ENTRY DESCR:PAYMENT   SEC:CCD    TRACE#:091000011026054 EED:251216   IND ID:155929                       IND NAME:ICAR LIFESTYLE TRN: 3501026054TC",-3024.43,ACH_DEBIT,88892.50,,
DEBIT,12/16/2025,"ORIG CO NAME:NEXTGEAR PAYMENT       ORIG ID:1260401907 DESC DATE:121525 CO ENTRY DESCR:PAYMENT   SEC:CCD    TRACE#:091000011026053 EED:251216   IND ID:155929                       IND NAME:ICAR LIFESTYLE TRN: 3501026053TC",-3285.06,ACH_DEBIT,91916.93,,
DEBIT,12/16/2025,"ORIG CO NAME:NEXTGEAR PAYMENT       ORIG ID:1260401907 DESC DATE:121525 CO ENTRY DESCR:PAYMENT   SEC:CCD    TRACE#:091000011041050 EED:251216   IND ID:155929                       IND NAME:ICAR LIFESTYLE TRN: 3501041050TC",-39903.87,ACH_DEBIT,95201.99,,
DEBIT,12/16/2025,"ORIG CO NAME:NEXTGEAR PAYMENT       ORIG ID:1260401907 DESC DATE:121525 CO ENTRY DESCR:PAYMENT   SEC:CCD    TRACE#:091000011041051 EED:251216   IND ID:155929                       IND NAME:ICAR LIFESTYLE TRN: 3501041051TC",-42867.58,ACH_DEBIT,135105.86,,
CREDIT,12/16/2025,"Zelle payment from JINGHAN BAO BACtau2tx2v7",500.00,PARTNERFI_TO_CHASE,177973.44,,
CREDIT,12/16/2025,"ORIG CO NAME:NEXTGEAR FUNDING       ORIG ID:1201990165 DESC DATE:121525 CO ENTRY DESCR:FUNDING   SEC:CCD    TRACE#:091000011040816 EED:251216   IND ID:155929                       IND NAME:ICAR LIFESTYLE TRN: 3501040816TC",87200.00,ACH_CREDIT,177473.44,,
DEBIT,12/15/2025,"Zelle payment to Ji hvk JPM99byjoakp",-880.00,CHASE_TO_PARTNERFI,90273.44,,
DEBIT,12/15/2025,"Zelle payment to egtransport JPM99byjfafx",-750.00,CHASE_TO_PARTNERFI,91153.44,,
DEBIT,12/15/2025,"ONLINE DOMESTIC WIRE TRANSFER VIA: WELLS FARGO NA/121000248 A/C: MENGCHENG XIANG SAN JOSE CA 95117 US REF: BMW 430/TIME/17:20 IMAD: 1215MMQFMP2N025863 TRN: 3587035349ES 12/15",-28500.00,WIRE_OUTGOING,91903.44,,
DEBIT,12/15/2025,"Zelle payment to kingstone 27323370238",-1056.48,QUICKPAY_DEBIT,120403.44,,
DEBIT,12/15/2025,"ORIG CO NAME:EMPLOYMENT DEVEL       ORIG ID:2282533055 DESC DATE:121225 CO ENTRY DESCR:EDD EFTPMTSEC:CCD    TRACE#:042000019476984 EED:251215   IND ID:690514400                    IND NAME:ICAR LIFESTYLE                                                                                               PAYMENT TRN: 3499476984TC",-544.84,ACH_DEBIT,121459.92,,
DEBIT,12/15/2025,"ORIG CO NAME:IRS                    ORIG ID:3387702000 DESC DATE:121525 CO ENTRY DESCR:USATAXPYMTSEC:CCD    TRACE#:061036019870320 EED:251215   IND ID:223574945538308              IND NAME:CEO ATTITUDE D LLC TRN: 3499870320TC",-2856.80,ACH_DEBIT,122004.76,,
DEBIT,12/15/2025,"ORIG CO NAME:NEXTGEAR PAYMENT       ORIG ID:1260401907 DESC DATE:121225 CO ENTRY DESCR:PAYMENT   SEC:CCD    TRACE#:091000010035140 EED:251215   IND ID:155929                       IND NAME:ICAR LIFESTYLE TRN: 3490035140TC",-21309.04,ACH_DEBIT,124861.56,,
CREDIT,12/15/2025,"Zelle payment from Xiao Zheng USBF7IHouXIQ",2200.00,PARTNERFI_TO_CHASE,146170.60,,
DSLIP,12/15/2025,"REMOTE ONLINE DEPOSIT #          1",65724.00,CHECK_DEPOSIT,143970.60,1,
DEBIT,12/12/2025,"ORIG CO NAME:CA DEPT TAX FEE        ORIG ID:2822162215 DESC DATE:251211 CO ENTRY DESCR:CDTFA EPMTSEC:CCD    TRACE#:042000018176009 EED:251212   IND ID:22974445                     IND NAME:ICAR LIFESTYLE TRN: 3468176009TC",-28161.68,ACH_DEBIT,78246.60,,
CREDIT,12/12/2025,"Zelle payment from ZIJIE JIANG 27307994425",55.00,QUICKPAY_CREDIT,106408.28,,
CREDIT,12/12/2025,"Zelle payment from MOBILE COMMERCE INC 27294736824",500.00,QUICKPAY_CREDIT,106353.28,,
CREDIT,12/12/2025,"Zelle payment from MINGZHU WANG 27305195446",2000.00,QUICKPAY_CREDIT,105853.28,,
CREDIT,12/12/2025,"FEDWIRE CREDIT VIA: BANK OF AMERICA, N.A./026009593 B/O: 1/TIAN ZHOU 3/US/LOS ANGELES, CA 90013-2796 REF: CHASE NYC/CTR/BNF=ATTITUDE D LLC ARCADIA CA 91007-2839 US/AC-000000009 120 RFB=NOTPROVIDED OBI=/URI/POP GO ODS BBI=/CHGS/USD0,00/ IMAD: 1212B6B7HU3R020402 TRN: 1247011346FF",30000.00,WIRE_INCOMING,103853.28,,
DEBIT,12/11/2025,"Zelle payment to egtransport JPM99by14hrb",-700.00,CHASE_TO_PARTNERFI,73853.28,,
DEBIT,12/11/2025,"Zelle payment to andra feng JPM99by0du1r",-30.00,CHASE_TO_PARTNERFI,74553.28,,
DEBIT,12/11/2025,"Zelle payment to Cristina turcin JPM99bxz7o5f",-900.00,CHASE_TO_PARTNERFI,74583.28,,
DEBIT,12/11/2025,"ORIG CO NAME:NEXTGEAR PAYMENT       ORIG ID:1260401907 DESC DATE:121025 CO ENTRY DESCR:PAYMENT   SEC:CCD    TRACE#:091000015667546 EED:251211   IND ID:155929                       IND NAME:ICAR LIFESTYLE TRN: 3455667546TC",-32348.63,ACH_DEBIT,75483.28,,
DEBIT,12/11/2025,"Zelle payment to cui JPM99bxxh69e",-300.00,CHASE_TO_PARTNERFI,107831.91,,
DEBIT,12/11/2025,"HELP HALF PLUS INC. 833-387-7396 CA          12/11",-11.49,DEBIT_CARD,108131.91,,
DEBIT,12/11/2025,"HELP HALF PLUS INC. 833-387-7396 CA          12/11",-31.35,DEBIT_CARD,108143.40,,
DEBIT,12/11/2025,"HELP HALF PLUS INC. 833-387-7396 CA          12/11",-31.35,DEBIT_CARD,108174.75,,
CREDIT,12/11/2025,"ORIG CO NAME:WESTLAKE FINANCI       ORIG ID:2272814169 DESC DATE:121025 CO ENTRY DESCR:PAYABLES  SEC:PPD    TRACE#:091000015125785 EED:251211   IND ID:                             IND NAME:ATTITUDE D LLC TRN: 3455125785TC",49490.30,ACH_CREDIT,108206.10,,
DSLIP,12/11/2025,"REMOTE ONLINE DEPOSIT #          1",26000.00,CHECK_DEPOSIT,58715.80,1,
CREDIT,12/11/2025,"BOOK TRANSFER CREDIT B/O: LB ELECTRICAL SERVICES INC SAN GABRIEL CA 91775-1507 US TRN: 3621785345ES",10000.00,WIRE_INCOMING,32715.80,,
DEBIT,12/10/2025,"Zelle payment to carlos 27279950104",-95.00,QUICKPAY_DEBIT,22715.80,,
DEBIT,12/10/2025,"ORIG CO NAME:AMERICAN EXPRESS       ORIG ID:9493560001 DESC DATE:251210 CO ENTRY DESCR:ACH PMT   SEC:CCD    TRACE#:021000023118719 EED:251210   IND ID:A4482                        IND NAME:SHANGQI LI                                                                                                   AM TRN: 3443118719TC",-9112.69,ACH_DEBIT,22810.80,,
DEBIT,12/10/2025,"ORIG CO NAME:TSYS/TRANSFIRST        ORIG ID:WFBTRANSF1 DESC DATE:251130 CO ENTRY DESCR:MERCH FEESSEC:CCD    TRACE#:043305139495158 EED:251210   IND ID:543684556033333              IND NAME:ICAR LIFESTYLE TRN: 3449495158TC",-154.95,ACH_DEBIT,31923.49,,
DEBIT,12/10/2025,"ORIG CO NAME:CA DEPT TAX FEE        ORIG ID:2822162215 DESC DATE:251209 CO ENTRY DESCR:CDTFA EPMTSEC:CCD    TRACE#:042000015768799 EED:251210   IND ID:23005096                     IND NAME:ICAR LIFESTYLE TRN: 3445768799TC",-40000.00,ACH_DEBIT,32078.44,,
DEBIT,12/10/2025,"ALICES KITCHEN (TEMPL 131-27305592 IL        12/10",-131.21,DEBIT_CARD,72078.44,,
DEBIT,12/09/2025,"Zelle payment to ch JPM99bxsoa7k",-868.00,CHASE_TO_PARTNERFI,72209.65,,
DEBIT,12/09/2025,"ORIG CO NAME:NEXTGEAR PAYMENT       ORIG ID:1260401907 DESC DATE:120825 CO ENTRY DESCR:PAYMENT   SEC:CCD    TRACE#:091000018753541 EED:251209   IND ID:155929                       IND NAME:ICAR LIFESTYLE TRN: 3438753541TC",-1408.84,ACH_DEBIT,73077.65,,
CREDIT,12/09/2025,"ORIG CO NAME:WESTLAKE FINANCI       ORIG ID:2272814169 DESC DATE:120825 CO ENTRY DESCR:PAYABLES  SEC:PPD    TRACE#:091000017785252 EED:251209   IND ID:                             IND NAME:ATTITUDE D LLC TRN: 3437785252TC",45067.23,ACH_CREDIT,74486.49,,
DEBIT,12/08/2025,"COSTCO WHSE #0947 ONTARIO CA         882838  12/08",-83.55,DEBIT_CARD,29419.26,,
DEBIT,12/08/2025,"Zelle payment to sgv 27236305901",-160.00,QUICKPAY_DEBIT,29502.81,,
DEBIT,12/08/2025,"HELP HALF PLUS INC. 833-387-7396 CA          12/06",-31.68,DEBIT_CARD,29662.81,,
CREDIT,12/08/2025,"Zelle payment from MENGFEI LIU 27254813110",100.00,QUICKPAY_CREDIT,29694.49,,
CREDIT,12/08/2025,"Zelle payment from JIAQI LI 27239468253",458.84,QUICKPAY_CREDIT,29594.49,,
CREDIT,12/08/2025,"Zelle payment from TIANJUN LI 27259673345",2000.00,QUICKPAY_CREDIT,29135.65,,
CHECK,12/05/2025,"CHECK 1114  ",-2275.73,CHECK_PAID,27135.65,1114,
DEBIT,12/05/2025,"Zelle payment to Zijie 27226157558",-200.00,QUICKPAY_DEBIT,29411.38,,
DEBIT,12/05/2025,"ONLINE DOMESTIC WIRE TRANSFER VIA: BK AMER NYC/026009593 A/C: GLENVIEW LUXURY IMPORTS LLC GLENVIEW IL 60025 US REF: GRECALE MODENA 7432224 IMAD: 1205MMQFMP2N030244 TRN: 3726955339ES 12/05",-42367.00,WIRE_OUTGOING,29611.38,,
DEBIT,12/05/2025,"ORIG CO NAME:NEXTGEAR PAYMENT       ORIG ID:1260401907 DESC DATE:120425 CO ENTRY DESCR:PAYMENT   SEC:CCD    TRACE#:091000013075772 EED:251205   IND ID:155929                       IND NAME:ICAR LIFESTYLE TRN: 3393075772TC",-11802.17,ACH_DEBIT,71978.38,,
CREDIT,12/05/2025,"ORIG CO NAME:Perimeter Billia       ORIG ID:STRIPE6088 DESC DATE:SD1307 CO ENTRY DESCR:SHOPIFY   SEC:CCD    TRACE#:242071759943012 EED:251205   IND ID:M2M4O7I8C2P0                 IND NAME:ATTITUDE D LLC                                                                                               STRIPE6088 TRN: 3399943012TC",43042.00,ACH_CREDIT,83780.55,,
DEBIT,12/04/2025,"ORIG CO NAME:CARFAX                 ORIG ID:1251465303 DESC DATE:120325 CO ENTRY DESCR:BT1203    SEC:CCD    TRACE#:111000024784792 EED:251204   IND ID:000000342179786              IND NAME:Attitude D llc                                                                                               CARFAX TRN: 3384784792TC",-1248.00,ACH_DEBIT,40738.55,,
DEBIT,12/04/2025,"ORIG CO NAME:NEXTGEAR PAYMENT       ORIG ID:1260401907 DESC DATE:120325 CO ENTRY DESCR:PAYMENT   SEC:CCD    TRACE#:091000014358885 EED:251204   IND ID:155929                       IND NAME:ICAR LIFESTYLE TRN: 3384358885TC",-37350.78,ACH_DEBIT,41986.55,,
DEBIT,12/04/2025,"ORIG CO NAME:NEXTGEAR PAYMENT       ORIG ID:1260401907 DESC DATE:120325 CO ENTRY DESCR:PAYMENT   SEC:CCD    TRACE#:091000014358884 EED:251204   IND ID:155929                       IND NAME:ICAR LIFESTYLE TRN: 3384358884TC",-43248.21,ACH_DEBIT,79337.33,,
CREDIT,12/04/2025,"ORIG CO NAME:Bo Sports LLC          ORIG ID:1931659949 DESC DATE:251203 CO ENTRY DESCR:ACH DEP   SEC:PPD    TRACE#:311079302088422 EED:251204   IND ID:                             IND NAME:ATTITUDE D LLC DBA ICA TRN: 3382088422TC",9674.00,ACH_CREDIT,122585.54,,
CREDIT,12/04/2025,"ORIG CO NAME:WESTLAKE FINANCI       ORIG ID:2272814169 DESC DATE:120325 CO ENTRY DESCR:PAYABLES  SEC:PPD    TRACE#:091000013898978 EED:251204   IND ID:                             IND NAME:ATTITUDE D LLC TRN: 3383898978TC",41673.82,ACH_CREDIT,112911.54,,
DEBIT,12/03/2025,"SERVICE CHARGES FOR THE MONTH OF NOVEMBER",-95.00,FEE_TRANSACTION,71237.72,,
CHECK,12/03/2025,"CHECK 1111  ",-1356.84,CHECK_PAID,71332.72,1111,
CHECK,12/03/2025,"CHECK 1113  ",-1829.19,CHECK_PAID,72689.56,1113,
CHECK,12/03/2025,"CHECK 1112  ",-1356.84,CHECK_PAID,74518.75,1112,
DEBIT,12/03/2025,"Zelle payment to Caglar JPM99bwynw3r",-240.00,CHASE_TO_PARTNERFI,75875.59,,
DEBIT,12/03/2025,"ORIG CO NAME:Westlake Fin 323       ORIG ID:1222528269 DESC DATE:251202 CO ENTRY DESCR:Westlake  SEC:CCD    TRACE#:051000011501751 EED:251203   IND ID:000001794829366              IND NAME:CHASE BANK                                                                                                   9003488 TRN: 3371501751TC",-8911.81,ACH_DEBIT,76115.59,,
DEBIT,12/03/2025,"OOMA,INC 888-711-6662 CA                     12/03",-220.94,DEBIT_CARD,85027.40,,
DEBIT,12/03/2025,"HELP HALF PLUS INC. 833-387-7396 CA          12/03",-30.97,DEBIT_CARD,85248.34,,
CREDIT,12/03/2025,"Zelle payment from TIAN ZHOU BACm1wfp2bqk",1000.00,PARTNERFI_TO_CHASE,85279.31,,
CREDIT,12/03/2025,"ORIG CO NAME: MANHEIM US            ORIG ID:1582577037 DESC DATE:       CO ENTRY DESCR:ACH PAYMNTSEC:CCD    TRACE#:091000019512769 EED:251203   IND ID:17929134                     IND NAME:ICAR LIFESTYLE                                                                                               6020603 TRN: 3379512769TC",17075.00,ACH_CREDIT,84279.31,,
DEBIT,12/02/2025,"Zelle payment to Ovis JPM99bwuuvm3",-20.00,CHASE_TO_PARTNERFI,67204.31,,
DEBIT,12/02/2025,"Zelle payment to Ovis JPM99bwulj2j",-600.00,CHASE_TO_PARTNERFI,67224.31,,
DEBIT,12/02/2025,"Zelle payment to ch JPM99bwuav0v",-129.00,CHASE_TO_PARTNERFI,67824.31,,
DEBIT,12/02/2025,"ORIG CO NAME:Westlake Floorin       ORIG ID:1352426469 DESC DATE:120125 CO ENTRY DESCR:PAYABLES  SEC:CCD    TRACE#:122232109125700 EED:251202   IND ID:100499447                    IND NAME:ICAR Lifestyle             100499447 ,ICAR Lifestyle      ,VIN :5UX23EU06S9W25247 ,2025-B M W-X SE ERIES     DYNAMIC EFT TRN: 3369125700TC",-875.98,ACH_DEBIT,67953.31,,
DEBIT,12/02/2025,"ORIG CO NAME:IPFS866-412-6739       ORIG ID:0AD2424370 DESC DATE:       CO ENTRY DESCR:IPFSPMTWASSEC:CCD    TRACE#:101000018750667 EED:251202   IND ID:561402                       IND NAME:ATTITUDE D LLC                                                                                               GDxLk2vV TRN: 3368750667TC",-837.88,ACH_DEBIT,68829.29,,
DEBIT,12/02/2025,"ORIG CO NAME:NEXTGEAR PAYMENT       ORIG ID:1260401907 DESC DATE:120125 CO ENTRY DESCR:PAYMENT   SEC:CCD    TRACE#:091000019016502 EED:251202   IND ID:155929                       IND NAME:ICAR LIFESTYLE TRN: 3369016502TC",-3753.45,ACH_DEBIT,69667.17,,
DEBIT,12/02/2025,"Zelle payment to m2009 JPM99bwrtzdl",-70.00,CHASE_TO_PARTNERFI,73420.62,,
CREDIT,12/02/2025,"Zelle payment from XUEWEI ZHANG 27181880320",700.00,QUICKPAY_CREDIT,73490.62,,
CREDIT,12/02/2025,"Zelle payment from HANXIAO MA 27181908404",1000.00,QUICKPAY_CREDIT,72790.62,,
CREDIT,12/02/2025,"Zelle payment from HANXIAO MA BACx02rp7q21",1000.00,PARTNERFI_TO_CHASE,71790.62,,
CREDIT,12/02/2025,"ORIG CO NAME:WESTLAKE FINANCI       ORIG ID:2272814169 DESC DATE:120125 CO ENTRY DESCR:PAYABLES  SEC:PPD    TRACE#:091000018598806 EED:251202   IND ID:                             IND NAME:ATTITUDE D LLC TRN: 3368598806TC",60577.87,ACH_CREDIT,70790.62,,
DEBIT,12/01/2025,"Zelle payment to ivy 27169126039",-2000.00,QUICKPAY_DEBIT,10212.75,,
DEBIT,12/01/2025,"Zelle payment to ch JPM99bwrd9p5",-881.00,CHASE_TO_PARTNERFI,12212.75,,
DEBIT,12/01/2025,"Zelle payment to andra feng JPM99bwq9ii6",-30.00,CHASE_TO_PARTNERFI,13093.75,,
DEBIT,12/01/2025,"ORIG CO NAME:Dealertrack            ORIG ID:4013137ZST DESC DATE:251201 CO ENTRY DESCR:PURCHASE  SEC:CCD    TRACE#:122043480473131 EED:251201   IND ID:139478183                    IND NAME:Icar Lifestyle Icar Li                                                                                       9163685303 TRN: 3350473131TC",-29228.13,ACH_DEBIT,13123.75,,
DEBIT,12/01/2025,"Zelle payment to Icar 26796308205",-2500.00,QUICKPAY_DEBIT,42351.88,,
DEBIT,12/01/2025,"Zelle payment to great silk JPM99bwe74k0",-1000.00,CHASE_TO_PARTNERFI,44851.88,,
CREDIT,12/01/2025,"Zelle payment from YING LIU BACvzrmt2x2y",300.00,PARTNERFI_TO_CHASE,45851.88,,
DEBIT,11/28/2025,"ORIG CO NAME:NOWCOM, LLC            ORIG ID:1911718107 DESC DATE:       CO ENTRY DESCR:DEALERCNTRSEC:CCD    TRACE#:104000012954873 EED:251128   IND ID:M121358585914                IND NAME:ATTITUDE D LLC TRN: 3322954873TC",-867.27,ACH_DEBIT,45551.88,,
CHECK,11/28/2025,"CHECK 1110  ",-12316.00,CHECK_PAID,46419.15,1110,
CREDIT,11/28/2025,"ORIG CO NAME:NEXTGEAR FUNDING       ORIG ID:1201990165 DESC DATE:112625 CO ENTRY DESCR:FUNDING   SEC:CCD    TRACE#:091000012291704 EED:251128   IND ID:155929                       IND NAME:ICAR LIFESTYLE TRN: 3322291704TC",48452.62,ACH_CREDIT,58735.15,,
CREDIT,11/28/2025,"FEDWIRE CREDIT VIA: MICHIGAN FIRST CREDIT UNION/272078365 B/O: LAKYTCHIA WHITE MOUNT CLEMENS MI 48043-2469 REF: CHASE NYC/CTR/BNF=ATTITUDE D LLC ARCADIA CA 91007-2839 US/AC-000000009 120 RFB=NOTPROVIDED OBI=/PURP/NARR/URI/DOWN PAYMENT FOR C ARVIN # WP0A A2A72JL119600 IMAD: 1128GMQFMP01003480 TRN: 0550461332FF",9800.00,WIRE_INCOMING,10282.53,,
DEBIT,11/26/2025,"ORIG CO NAME:Westlake Floorin       ORIG ID:1352426469 DESC DATE:112525 CO ENTRY DESCR:PAYABLES  SEC:CCD    TRACE#:122232108792407 EED:251126   IND ID:100499447                    IND NAME:ICAR Lifestyle             100499447 ,ICAR Lifestyle      ,VIN :5UX23EU06S9W25247 ,2025-B M W-X SE ERIES     DYNAMIC EFT TRN: 3308792407TC",-10000.00,ACH_DEBIT,482.53,,
DEBIT,11/26/2025,"Zelle payment to lauren JPM99bw1jip5",-950.00,CHASE_TO_PARTNERFI,10482.53,,
CREDIT,11/26/2025,"ORIG CO NAME: MANHEIM US            ORIG ID:1582577037 DESC DATE:       CO ENTRY DESCR:ACH PAYMNTSEC:CCD    TRACE#:091000016853660 EED:251126   IND ID:17902560                     IND NAME:ICAR LIFESTYLE                                                                                               6017050 TRN: 3306853660TC",500.00,ACH_CREDIT,11432.53,,
CREDIT,11/26/2025,"Online Transfer from CHK ...9383 transaction#: 27104648381",1500.00,ACCT_XFER,10932.53,,
CREDIT,11/26/2025,"Zelle payment from ZHENXI JIN 27104397774",2000.00,QUICKPAY_CREDIT,9432.53,,
CREDIT,11/26/2025,"ATM CASH DEPOSIT 11/26 60 E HUNTINGTON DR ARCADIA CA",2500.00,ATM,7432.53,,
DEBIT,11/25/2025,"Zelle payment to alex bronco 27089589535",-300.00,QUICKPAY_DEBIT,4932.53,,
DEBIT,11/25/2025,"ORIG CO NAME:Westlake Floorin       ORIG ID:1352426469 DESC DATE:112425 CO ENTRY DESCR:PAYABLES  SEC:CCD    TRACE#:122232109649985 EED:251125   IND ID:100499447                    IND NAME:ICAR Lifestyle             100499447 ,ICAR Lifestyle      ,VIN :55SWF4JB2JU263558 ,2018-Mercedes-B Benz-C-ClaDYNAMIC EFT TRN: 3299649985TC",-1768.74,ACH_DEBIT,5232.53,,
DEBIT,11/25/2025,"ORIG CO NAME:Westlake Floorin       ORIG ID:1352426469 DESC DATE:112425 CO ENTRY DESCR:PAYABLES  SEC:CCD    TRACE#:122232109650125 EED:251125   IND ID:100499447                    IND NAME:ICAR Lifestyle             100499447 ,ICAR Lifestyle      ,VIN :W1N0G8DB3NG093397 ,2022-Mercedes-B Benz-GLC  DYNAMIC EFT TRN: 3299650125TC",-2677.63,ACH_DEBIT,7001.27,,
DEBIT,11/25/2025,"ORIG CO NAME:NEXTGEAR PAYMENT       ORIG ID:1260401907 DESC DATE:112425 CO ENTRY DESCR:PAYMENT   SEC:CCD    TRACE#:091000015466213 EED:251125   IND ID:155929                       IND NAME:ICAR LIFESTYLE TRN: 3295466213TC",-32342.47,ACH_DEBIT,9678.90,,
DEBIT,11/25/2025,"ORIG CO NAME:NEXTGEAR PAYMENT       ORIG ID:1260401907 DESC DATE:112425 CO ENTRY DESCR:PAYMENT   SEC:CCD    TRACE#:091000015466214 EED:251125   IND ID:155929                       IND NAME:ICAR LIFESTYLE TRN: 3295466214TC",-63858.89,ACH_DEBIT,42021.37,,
DEBIT,11/24/2025,"Zelle payment to angel JPM99bvwopcb",-300.00,CHASE_TO_PARTNERFI,105880.26,,
DEBIT,11/24/2025,"Zelle payment to Marlon 27075613205",-120.00,QUICKPAY_DEBIT,106180.26,,
DEBIT,11/24/2025,"Zelle payment to 228 27065634940",-300.00,QUICKPAY_DEBIT,106300.26,,
DEBIT,11/24/2025,"ORIG CO NAME:WASTE MANAGEMENT       ORIG ID:9580653001 DESC DATE:251121 CO ENTRY DESCR:PAYMENT   SEC:CCD    TRACE#:021000029197830 EED:251124   IND ID:000221937893009              IND NAME:Cundi Fang                 Log in to the MY WM Account Page fo r payment details. TRN: 3289197830TC",-274.50,ACH_DEBIT,106600.26,,
DEBIT,11/24/2025,"ORIG CO NAME:NEXTGEAR PAYMENT       ORIG ID:1260401907 DESC DATE:112125 CO ENTRY DESCR:PAYMENT   SEC:CCD    TRACE#:091000019393721 EED:251124   IND ID:155929                       IND NAME:ICAR LIFESTYLE TRN: 3289393721TC",-27823.98,ACH_DEBIT,106874.76,,
DEBIT,11/24/2025,"CENTRALDISPATCH.COM 858-259-6084 NY          11/22",-199.95,DEBIT_CARD,134698.74,,
DEBIT,11/24/2025,"Zelle payment to andrew ru JPM99bvm223q",-300.00,CHASE_TO_PARTNERFI,134898.69,,
CREDIT,11/24/2025,"Zelle payment from ALEX JAHANMIR 27082279233",300.00,QUICKPAY_CREDIT,135198.69,,
CREDIT,11/24/2025,"ORIG CO NAME:MOBILE COMMERCE        ORIG ID:9200502235 DESC DATE:251124 CO ENTRY DESCR:ACH Pmt   SEC:CCD    TRACE#:021000029432218 EED:251124   IND ID:11196687923                  IND NAME:ATTITUDE D LLC DBA ICA     1GNSCEKD0RR141406 down payment TRN: 3289432218TC",9500.00,ACH_CREDIT,134898.69,,
CREDIT,11/24/2025,"ORIG CO NAME:WESTLAKE FINANCI       ORIG ID:2272814169 DESC DATE:112125 CO ENTRY DESCR:PAYABLES  SEC:PPD    TRACE#:091000019378150 EED:251124   IND ID:                             IND NAME:ATTITUDE D LLC TRN: 3289378150TC",37420.38,ACH_CREDIT,125398.69,,
CHECK,11/21/2025,"CHECK 1108  ",-0.13,CHECK_PAID,87978.31,1108,
DEBIT,11/21/2025,"Zelle payment to Ovis JPM99bvjilic",-160.00,CHASE_TO_PARTNERFI,87978.44,,
DEBIT,11/21/2025,"Zelle payment to feibiao 27046516713",-2950.00,QUICKPAY_DEBIT,88138.44,,
DEBIT,11/21/2025,"ONLINE DOMESTIC WIRE TRANSFER VIA: F121000358/121000358 A/C: KYLE YAO ZHANG COVINA CA 91722 US REF: BUY BMW X3 F35824/TIME/18:41 IMAD: 1121MMQFMP2M027007 TRN: 3507335325ES 11/21",-15800.00,WIRE_OUTGOING,91088.44,,
DEBIT,11/21/2025,"Zelle payment to andra feng JPM99bvicchq",-30.00,CHASE_TO_PARTNERFI,106888.44,,
CHECK,11/21/2025,"CHECK 1104  ",-1356.84,CHECK_PAID,106918.44,1104,
DSLIP,11/21/2025,"DEPOSIT  ID NUMBER 421129",27000.00,DEPOSIT,108275.28,,
DSLIP,11/21/2025,"REMOTE ONLINE DEPOSIT #          1",33259.86,CHECK_DEPOSIT,81275.28,1,
DEBIT,11/20/2025,"Zelle payment to ch JPM99bveu0di",-684.00,CHASE_TO_PARTNERFI,48015.42,,
DEBIT,11/20/2025,"Zelle payment to ch JPM99bvers10",-1306.00,CHASE_TO_PARTNERFI,48699.42,,
DEBIT,11/20/2025,"ONLINE DOMESTIC WIRE TRANSFER A/C: LING CHEN FREMONT CA 94538-4827 US REF: 228 PAY VIN 7K68616/ACC/338023390 CHEN LING 3200 ZANKER RD 1221 SAN JO SE CA 95134 US TRN: 3418775324ES 11/20",-20800.00,WIRE_OUTGOING,50005.42,,
CHECK,11/20/2025,"CHECK 1105  ",-1356.84,CHECK_PAID,70805.42,1105,
CHECK,11/20/2025,"CHECK 1106  ",-145.64,CHECK_PAID,72162.26,1106,
DEBIT,11/20/2025,"Zelle payment to hiromitu JPM99bvd8az8",-300.00,CHASE_TO_PARTNERFI,72307.90,,
DEBIT,11/20/2025,"ORIG CO NAME:NEXTGEAR PAYMENT       ORIG ID:1260401907 DESC DATE:111925 CO ENTRY DESCR:PAYMENT   SEC:CCD    TRACE#:091000015351826 EED:251120   IND ID:155929                       IND NAME:ICAR LIFESTYLE TRN: 3245351826TC",-6027.56,ACH_DEBIT,72607.90,,
DEBIT,11/20/2025,"ORIG CO NAME:NEXTGEAR PAYMENT       ORIG ID:1260401907 DESC DATE:111925 CO ENTRY DESCR:PAYMENT   SEC:CCD    TRACE#:091000015351825 EED:251120   IND ID:155929                       IND NAME:ICAR LIFESTYLE TRN: 3245351825TC",-23649.51,ACH_DEBIT,78635.46,,
DEBIT,11/20/2025,"Zelle payment to clean JPM99bvc19nl",-150.00,CHASE_TO_PARTNERFI,102284.97,,
DSLIP,11/20/2025,"REMOTE ONLINE DEPOSIT #          1",14279.65,CHECK_DEPOSIT,102434.97,1,
DEBIT,11/19/2025,"Zelle payment to andra feng JPM99bv9s6wg",-60.00,CHASE_TO_PARTNERFI,88155.32,,
CREDIT,11/19/2025,"ORIG CO NAME: MANHEIM US            ORIG ID:1582577037 DESC DATE:       CO ENTRY DESCR:ACH PAYMNTSEC:CCD    TRACE#:091000017794212 EED:251119   IND ID:17865710                     IND NAME:ICAR LIFESTYLE                                                                                               6011590 TRN: 3237794212TC",24000.00,ACH_CREDIT,88215.32,,
DSLIP,11/19/2025,"REMOTE ONLINE DEPOSIT #          1",3000.00,CHECK_DEPOSIT,64215.32,1,
CREDIT,11/19/2025,"BOOK TRANSFER CREDIT B/O: DBS BANK LTD SINGAPORE SINGAPORE 01898-2 SG ORG:/2716168743 ZHONG YUANYUAN OGB: DBS BANK LTD 12 MARINA BOULEVARD LEVEL 44 REF:/ROC/MB76349552431694/URI/FOR BY MY CAR/OCMT/USD20650,/ TRN: 2233764322JS",20650.00,WIRE_INCOMING,61215.32,,
DEBIT,11/18/2025,"ONLINE DOMESTIC WIRE TRANSFER VIA: BK AMER NYC/026009593 A/C: ORANGE TRUCK SALES ORLANDO FL 32807 US REF: ICAR LIFESTYLE FREIGHTLINER IMAD: 1118MMQFMP2K031550 TRN: 3442185322ES 11/18",-39000.00,WIRE_OUTGOING,40565.32,,
DEBIT,11/18/2025,"ORIG CO NAME:Westlake Floorin       ORIG ID:1352426469 DESC DATE:111725 CO ENTRY DESCR:PAYABLES  SEC:CCD    TRACE#:122232102264196 EED:251118   IND ID:100499447                    IND NAME:ICAR Lifestyle             100499447 ,ICAR Lifestyle      ,Aud it Fee 2025/11/07 00:00:00.000                DYNAMIC EFT TRN: 3222264196TC",-125.00,ACH_DEBIT,79565.32,,
DEBIT,11/18/2025,"ORIG CO NAME:Westlake Floorin       ORIG ID:1352426469 DESC DATE:111725 CO ENTRY DESCR:PAYABLES  SEC:CCD    TRACE#:122232102264224 EED:251118   IND ID:100499447                    IND NAME:ICAR Lifestyle             100499447 ,ICAR Lifestyle      ,Pay ment-1units                                   DYNAMIC EFT TRN: 3222264224TC",-2255.70,ACH_DEBIT,79690.32,,
DEBIT,11/18/2025,"ORIG CO NAME:Westlake Floorin       ORIG ID:1352426469 DESC DATE:111725 CO ENTRY DESCR:PAYABLES  SEC:CCD    TRACE#:122232102264032 EED:251118   IND ID:100499447                    IND NAME:ICAR Lifestyle             100499447 ,ICAR Lifestyle      ,VIN :7SAYGDEE8PF865047 ,2023-TESLA-MODE EL Y      DYNAMIC EFT TRN: 3222264032TC",-30098.28,ACH_DEBIT,81946.02,,
DEBIT,11/18/2025,"ORIG CO NAME:NEXTGEAR PAYMENT       ORIG ID:1260401907 DESC DATE:111725 CO ENTRY DESCR:PAYMENT   SEC:CCD    TRACE#:091000017955337 EED:251118   IND ID:155929                       IND NAME:ICAR LIFESTYLE TRN: 3227955337TC",-25162.77,ACH_DEBIT,112044.30,,
CREDIT,11/18/2025,"Zelle payment from YUANYUAN ZHONG BACxuhbbzl2p",170.00,PARTNERFI_TO_CHASE,137207.07,,
CREDIT,11/18/2025,"ORIG CO NAME:WESTLAKE FINANCI       ORIG ID:2272814169 DESC DATE:111725 CO ENTRY DESCR:PAYABLES  SEC:PPD    TRACE#:091000017667563 EED:251118   IND ID:                             IND NAME:ATTITUDE D LLC TRN: 3227667563TC",19051.49,ACH_CREDIT,137037.07,,
CREDIT,11/18/2025,"ORIG CO NAME:NEXTGEAR FUNDING       ORIG ID:1201990165 DESC DATE:111725 CO ENTRY DESCR:FUNDING   SEC:CCD    TRACE#:091000017954157 EED:251118   IND ID:155929                       IND NAME:ICAR LIFESTYLE TRN: 3227954157TC",32000.00,ACH_CREDIT,117985.58,,
DSLIP,11/18/2025,"DEPOSIT  ID NUMBER 589845",9000.00,DEPOSIT,85985.58,,
CREDIT,11/18/2025,"BOOK TRANSFER CREDIT B/O: DBS BANK LTD SINGAPORE SINGAPORE 01898-2 SG ORG:/2716168743 ZHONG YUANYUAN OGB: DBS BANK LTD 12 MARINA BOULEVARD LEVEL 44 REF:/ROC/MB76342383462774/URI/FOR BY MY CAR/OCMT/USD20480,26/ TRN: 2269680321JS",20480.26,WIRE_INCOMING,76985.58,,
DEBIT,11/17/2025,"ONLINE DOMESTIC WIRE TRANSFER VIA: WELLS FARGO NA/121000248 A/C: CHAOYI ZHANG ARCADIA CA 91007 US REF: GTMC/TIME/21:42 IMAD: 1117MMQFMP2N034668 TRN: 3835915321ES 11/17",-28214.00,WIRE_OUTGOING,56505.32,,
DEBIT,11/17/2025,"Zelle payment to lee JPM99bv2qyts",-1829.91,CHASE_TO_PARTNERFI,84719.32,,
DEBIT,11/17/2025,"Zelle payment to ch JPM99bv285cx",-72.00,CHASE_TO_PARTNERFI,86549.23,,
DEBIT,11/17/2025,"Zelle payment to JandB 26995416645",-880.00,QUICKPAY_DEBIT,86621.23,,
DEBIT,11/17/2025,"Zelle payment to Reputation JPM99busd7k3",-80.00,CHASE_TO_PARTNERFI,87501.23,,
CREDIT,11/17/2025,"Zelle payment from ANDREW PURDY WFCT0ZHGDNCG",300.00,PARTNERFI_TO_CHASE,87581.23,,
CREDIT,11/17/2025,"Zelle payment from MOBILE COMMERCE INC 26979003207",500.00,QUICKPAY_CREDIT,87281.23,,
CREDIT,11/17/2025,"FEDWIRE CREDIT VIA: WELLS FARGO BANK, N.A./121000248 B/O: LENDBUZZ FUNDING LLC BOSTON MA 02110 US REF: CHASE NYC/CTR/BNF=ATTITUDE D LLC ARCADIA CA 91007-2839 US/AC-000000009 120 RFB=464068X2211741 OBI=/URI/2HK RS3H26SH307008 : 2211741 BBI=/CHGS/USD0,00/ IMAD: 1117I1B7031R012793 TRN: 0797841321FF",22262.61,WIRE_INCOMING,86781.23,,
CREDIT,11/17/2025,"FEDWIRE CREDIT VIA: WELLS FARGO BANK, N.A./121000248 B/O: LENDBUZZ FUNDING LLC BOSTON MA 02110 US REF: CHASE NYC/CTR/BNF=ATTITUDE D LLC ARCADIA CA 91007-2839 US/AC-000000009 120 RFB=464070X2234787 OBI=/URI/7SA YGDEE8PF865047 : 2234787 BBI=/CHGS/USD0,00/ IMAD: 1117I1B7033R011296 TRN: 0729171321FF",26968.11,WIRE_INCOMING,64518.62,,
DEBIT,11/14/2025,"Zelle payment to orange JPM99buqcxcg",-1000.00,CHASE_TO_PARTNERFI,37550.51,,
DEBIT,11/14/2025,"ORIG CO NAME:EMPLOYMENT DEVEL       ORIG ID:2282533055 DESC DATE:111325 CO ENTRY DESCR:EDD EFTPMTSEC:CCD    TRACE#:042000012535351 EED:251114   IND ID:324112864                    IND NAME:ICAR LIFESTYLE                                                                                               PAYMENT TRN: 3182535351TC",-544.84,ACH_DEBIT,38550.51,,
DEBIT,11/14/2025,"ORIG CO NAME:IRS                    ORIG ID:3387702000 DESC DATE:111425 CO ENTRY DESCR:USATAXPYMTSEC:CCD    TRACE#:061036011216273 EED:251114   IND ID:223571810808960              IND NAME:CEO ATTITUDE D LLC TRN: 3181216273TC",-2856.80,ACH_DEBIT,39095.35,,
CREDIT,11/14/2025,"ORIG CO NAME:NEXTGEAR FUNDING       ORIG ID:1201990165 DESC DATE:111325 CO ENTRY DESCR:FUNDING   SEC:CCD    TRACE#:091000013114812 EED:251114   IND ID:155929                       IND NAME:ICAR LIFESTYLE TRN: 3183114812TC",1073.55,ACH_CREDIT,41952.15,,
DSLIP,11/14/2025,"REMOTE ONLINE DEPOSIT #          1",9000.00,CHECK_DEPOSIT,40878.60,1,
CREDIT,11/14/2025,"FEDWIRE CREDIT VIA: WELLS FARGO BANK, N.A./121000248 B/O: JOHN DAVID WILANTOWICZ NC 27587 REF: CHASE NYC/CTR/BNF=ATTITUDE D LLC ARCADIA CA 91007-2839 US/AC-000000009 120 RFB=OW00006306642513 OBI=/URI/2 012 GT MASERATI 066184 BBI=/CHGS/US D0,00/ IMAD: 1114I1B7032R017069 TRN: 1337141318FF",28750.00,WIRE_INCOMING,31878.60,,
DEBIT,11/13/2025,"ORIG CO NAME:NEXTGEAR PAYMENT       ORIG ID:1260401907 DESC DATE:111225 CO ENTRY DESCR:PAYMENT   SEC:CCD    TRACE#:091000014403870 EED:251113   IND ID:155929                       IND NAME:ICAR LIFESTYLE TRN: 3174403870TC",-39837.58,ACH_DEBIT,3128.60,,
DEBIT,11/13/2025,"Zelle payment to angel JPM99buhd0xy",-215.00,CHASE_TO_PARTNERFI,42966.18,,
CREDIT,11/13/2025,"ATM CASH DEPOSIT 11/13 60 E HUNTINGTON DR ARCADIA CA",8200.00,ATM,43181.18,,
DEBIT,11/12/2025,"Zelle payment to William JPM99buhc8jd",-1000.00,CHASE_TO_PARTNERFI,34981.18,,
DEBIT,11/12/2025,"CA DMV LOS ANGELES BSC COVINA CA     532993  11/12",-740.00,DEBIT_CARD,35981.18,,
DEBIT,11/12/2025,"ORIG CO NAME:NEXTGEAR PAYMENT       ORIG ID:1260401907 DESC DATE:111025 CO ENTRY DESCR:PAYMENT   SEC:CCD    TRACE#:091000017377792 EED:251112   IND ID:155929                       IND NAME:ICAR LIFESTYLE TRN: 3167377792TC",-34289.77,ACH_DEBIT,36721.18,,
DEBIT,11/12/2025,"ORIG CO NAME:NEXTGEAR PAYMENT       ORIG ID:1260401907 DESC DATE:111025 CO ENTRY DESCR:PAYMENT   SEC:CCD    TRACE#:091000017377793 EED:251112   IND ID:155929                       IND NAME:ICAR LIFESTYLE TRN: 3167377793TC",-61198.59,ACH_DEBIT,71010.95,,
DEBIT,11/12/2025,"Zelle payment to m2009 JPM99buanq4z",-835.00,CHASE_TO_PARTNERFI,132209.54,,
CREDIT,11/12/2025,"Zelle payment from YIFAN JIN BACspjhtkt8c",1000.00,PARTNERFI_TO_CHASE,133044.54,,
CREDIT,11/12/2025,"Zelle payment from VNN CABINETS LLC BACc0e9lj4ko",1000.00,PARTNERFI_TO_CHASE,132044.54,,
CREDIT,11/12/2025,"ORIG CO NAME:NEXTGEAR FUNDING       ORIG ID:1201990165 DESC DATE:111025 CO ENTRY DESCR:FUNDING   SEC:CCD    TRACE#:091000017376260 EED:251112   IND ID:155929                       IND NAME:ICAR LIFESTYLE TRN: 3167376260TC",31862.32,ACH_CREDIT,131044.54,,
CREDIT,11/12/2025,"ORIG CO NAME:NEXTGEAR FUNDING       ORIG ID:1201990165 DESC DATE:111025 CO ENTRY DESCR:FUNDING   SEC:CCD    TRACE#:091000017982861 EED:251112   IND ID:155929                       IND NAME:ICAR LIFESTYLE TRN: 3167982861TC",63000.00,ACH_CREDIT,99182.22,,
DSLIP,11/12/2025,"REMOTE ONLINE DEPOSIT #          1",7100.00,CHECK_DEPOSIT,36182.22,1,
CREDIT,11/12/2025,"FEDWIRE CREDIT VIA: GBC INTERNATIONAL BANK/122235902 B/O: JTE GLOBAL TRADING & INVESTMENT AZUSA CA 91702-1580 REF: CHASE NYC/CTR/BNF=ATTITUDE D LLC ARCADIA CA 91007-2839 US/AC-000000009 120 RFB=NOTPROVIDED OBI=/PURP/TRUCK ING FOR MULTIPLE VEHICLE S/URI/TRUC KING FOR MULTIPLE VEHIC LES BBI=/AC C/BENEFICIAR IMAD: 1112MMQFMPST000012 TRN: 1248361316FF",13005.00,WIRE_INCOMING,29082.22,,
DEBIT,11/10/2025,"ORIG CO NAME:AMERICAN EXPRESS       ORIG ID:9493560001 DESC DATE:251110 CO ENTRY DESCR:ACH PMT   SEC:CCD    TRACE#:021000028517267 EED:251110   IND ID:A8750                        IND NAME:SHANGQI LI                                                                                                   AM TRN: 3148517267TC",-8214.70,ACH_DEBIT,16077.22,,
DEBIT,11/10/2025,"Zelle payment to lock JPM99bu28f4e",-80.00,CHASE_TO_PARTNERFI,24291.92,,
DEBIT,11/10/2025,"Zelle payment to Porsche JPM99bu1lv4r",-500.00,CHASE_TO_PARTNERFI,24371.92,,
DEBIT,11/10/2025,"Zelle payment to suphasith JPM99bu0k08t",-2100.00,CHASE_TO_PARTNERFI,24871.92,,
DEBIT,11/10/2025,"ORIG CO NAME:TSYS/TRANSFIRST        ORIG ID:WFBTRANSF1 DESC DATE:251031 CO ENTRY DESCR:MERCH FEESSEC:CCD    TRACE#:043305134212555 EED:251110   IND ID:543684556033333              IND NAME:ICAR LIFESTYLE TRN: 3144212555TC",-943.94,ACH_DEBIT,26971.92,,
DEBIT,11/10/2025,"Zelle payment to Ovis JPM99btxnknt",-160.00,CHASE_TO_PARTNERFI,27915.86,,
CREDIT,11/10/2025,"ORIG CO NAME:TSYS/TRANSFIRST        ORIG ID:WFBTRANSF1 DESC DATE:251109 CO ENTRY DESCR:CR CD DEP SEC:CCD    TRACE#:043305136817417 EED:251110   IND ID:543684556033333              IND NAME:ICAR LIFESTYLE             5436845560333337ICAR LIFESTYLE            CR CD DEP 111025 TRN: 3146817417TC",3553.50,ACH_CREDIT,28075.86,,
DSLIP,11/10/2025,"REMOTE ONLINE DEPOSIT #          1",5000.00,CHECK_DEPOSIT,24522.36,1,
DEBIT,11/07/2025,"CA DMV LOS ANGELES BSC COVINA CA     517665  11/07",-657.00,DEBIT_CARD,19522.36,,
DEBIT,11/07/2025,"Zelle payment to egtransport JPM99btvs5w8",-80.00,CHASE_TO_PARTNERFI,20179.36,,
DEBIT,11/07/2025,"Zelle payment to Chris 26881718239",-300.00,QUICKPAY_DEBIT,20259.36,,
DEBIT,11/07/2025,"Zelle payment to angel JPM99btsfy94",-130.00,CHASE_TO_PARTNERFI,20559.36,,
DEBIT,11/07/2025,"Zelle payment to angel JPM99btsgk4z",-130.00,CHASE_TO_PARTNERFI,20689.36,,
DSLIP,11/07/2025,"REMOTE ONLINE DEPOSIT #          1",1500.00,CHECK_DEPOSIT,20819.36,1,
DSLIP,11/07/2025,"REMOTE ONLINE DEPOSIT #          1",1500.00,CHECK_DEPOSIT,19319.36,1,
DSLIP,11/07/2025,"REMOTE ONLINE DEPOSIT #          1",1500.00,CHECK_DEPOSIT,17819.36,1,
DEBIT,11/06/2025,"Zelle payment to ch JPM99btrm5xu",-1801.00,CHASE_TO_PARTNERFI,16319.36,,
DEBIT,11/06/2025,"Zelle payment to Ji hvk JPM99btrk0ss",-880.00,CHASE_TO_PARTNERFI,18120.36,,
DEBIT,11/06/2025,"Zelle payment to fuhu JPM99btq52h7",-260.00,CHASE_TO_PARTNERFI,19000.36,,
DEBIT,11/06/2025,"Zelle payment to Ovis JPM99btpypoo",-150.00,CHASE_TO_PARTNERFI,19260.36,,
DEBIT,11/06/2025,"Zelle payment to rainer JPM99btpr5vu",-950.00,CHASE_TO_PARTNERFI,19410.36,,
DEBIT,11/06/2025,"ORIG CO NAME:Westlake Floorin       ORIG ID:1352426469 DESC DATE:110525 CO ENTRY DESCR:PAYABLES  SEC:CCD    TRACE#:122232106078834 EED:251106   IND ID:100499447                    IND NAME:ICAR Lifestyle             100499447 ,ICAR Lifestyle      ,VIN :5TDYZ3DC1LS038689 ,2020-TOYOTA-SIE ENNA FWD  DYNAMIC EFT TRN: 3106078834TC",-31690.32,ACH_DEBIT,20360.36,,
DEBIT,11/06/2025,"ORIG CO NAME:CARFAX                 ORIG ID:1251465303 DESC DATE:110525 CO ENTRY DESCR:BT1105    SEC:CCD    TRACE#:111000025261673 EED:251106   IND ID:000000339798087              IND NAME:Attitude D llc                                                                                               CARFAX TRN: 3105261673TC",-1248.00,ACH_DEBIT,52050.68,,
DEBIT,11/06/2025,"Zelle payment to hayk JPM99btoa8bo",-120.00,CHASE_TO_PARTNERFI,53298.68,,
CREDIT,11/06/2025,"ORIG CO NAME:NEXTGEAR FUNDING       ORIG ID:1201990165 DESC DATE:110525 CO ENTRY DESCR:FUNDING   SEC:CCD    TRACE#:091000014681269 EED:251106   IND ID:155929                       IND NAME:ICAR LIFESTYLE TRN: 3104681269TC",9102.64,ACH_CREDIT,53418.68,,
CREDIT,11/06/2025,"ORIG CO NAME:NEXTGEAR FUNDING       ORIG ID:1201990165 DESC DATE:110525 CO ENTRY DESCR:FUNDING   SEC:CCD    TRACE#:091000014392519 EED:251106   IND ID:155929                       IND NAME:ICAR LIFESTYLE TRN: 3104392519TC",27500.00,ACH_CREDIT,44316.04,,
DEBIT,11/05/2025,"SERVICE CHARGES FOR THE MONTH OF OCTOBER",-87.50,FEE_TRANSACTION,16816.04,,
CHECK,11/05/2025,"CHECK 1103  ",-20500.00,CHECK_PAID,16903.54,1103,
DEBIT,11/05/2025,"ONLINE DOMESTIC WIRE TRANSFER VIA: GBC INTL BANK LA/122235902 A/C: JTE GLOBAL AZUSA CA 91702 US REF: RETURN 20K IMAD: 1105MMQFMP2K022400 TRN: 3412225309ES 11/05",-20000.00,WIRE_OUTGOING,37403.54,,
DEBIT,11/05/2025,"Zelle payment to aids 26847761162",-150.00,QUICKPAY_DEBIT,57403.54,,
CREDIT,11/05/2025,"Zelle payment from MENGFEI LIU 26857924849",80.00,QUICKPAY_CREDIT,57553.54,,
CREDIT,11/05/2025,"ORIG CO NAME: MANHEIM US            ORIG ID:1582577037 DESC DATE:       CO ENTRY DESCR:ACH PAYMNTSEC:CCD    TRACE#:091000010926186 EED:251105   IND ID:17796353                     IND NAME:ICAR LIFESTYLE                                                                                               6000632 TRN: 3090926186TC",34535.00,ACH_CREDIT,57473.54,,
CHECK,11/04/2025,"CHECK 1101  ",-17800.00,CHECK_PAID,22938.54,1101,
DEBIT,11/04/2025,"Zelle payment to XINGTING JPM99bti66o2",-107.00,CHASE_TO_PARTNERFI,40738.54,,
DEBIT,11/04/2025,"Zelle payment to andra feng JPM99bti5tx5",-30.00,CHASE_TO_PARTNERFI,40845.54,,
CHECK,11/04/2025,"CHECK 1095  ",-1356.84,CHECK_PAID,40875.54,1095,
CHECK,11/04/2025,"CHECK 1100  ",-2713.68,CHECK_PAID,42232.38,1100,
DEBIT,11/04/2025,"Zelle payment to suphasith JPM99bth0nms",-1050.00,CHASE_TO_PARTNERFI,44946.06,,
DEBIT,11/04/2025,"ONLINE DOMESTIC WIRE TRANSFER A/C: WENJUN YAN PRINCETON NJ 08540-3612 US REF: AUDI Q5 30500-1000 29500 TRN: 3337205308ES 11/04",-29500.00,WIRE_OUTGOING,45996.06,,
CREDIT,11/04/2025,"Zelle payment from ZIHAO WEI BACovfd89jt9",500.00,PARTNERFI_TO_CHASE,75496.06,,
CREDIT,11/04/2025,"ORIG CO NAME:WESTLAKE FINANCI       ORIG ID:2272814169 DESC DATE:110325 CO ENTRY DESCR:PAYABLES  SEC:PPD    TRACE#:091000017506356 EED:251104   IND ID:                             IND NAME:ATTITUDE D LLC TRN: 3087506356TC",43984.89,ACH_CREDIT,74996.06,,
DEBIT,11/03/2025,"ORIG CO NAME:Westlake Floorin       ORIG ID:1352426469 DESC DATE:103125 CO ENTRY DESCR:PAYABLES  SEC:CCD    TRACE#:122232101009896 EED:251103   IND ID:100499447                    IND NAME:ICAR Lifestyle             100499447 ,ICAR Lifestyle      ,Aud it Fee 2025/10/08 00:00:00.000                DYNAMIC EFT TRN: 3071009896TC",-125.00,ACH_DEBIT,31011.17,,
DEBIT,11/03/2025,"ORIG CO NAME:Westlake Floorin       ORIG ID:1352426469 DESC DATE:103125 CO ENTRY DESCR:PAYABLES  SEC:CCD    TRACE#:122232101009866 EED:251103   IND ID:100499447                    IND NAME:ICAR Lifestyle             100499447 ,ICAR Lifestyle      ,VIN :5UX23EU06S9W25247 ,2025-B M W-X SE ERIES     DYNAMIC EFT TRN: 3071009866TC",-4182.45,ACH_DEBIT,31136.17,,
DEBIT,11/03/2025,"ORIG CO NAME:Westlake Floorin       ORIG ID:1352426469 DESC DATE:103125 CO ENTRY DESCR:PAYABLES  SEC:CCD    TRACE#:122232101009864 EED:251103   IND ID:100499447                    IND NAME:ICAR Lifestyle             100499447 ,ICAR Lifestyle      ,VIN :3MW89FF0XR8E38897 ,2024-B M W-3 SE ERIES     DYNAMIC EFT TRN: 3071009864TC",-25296.80,ACH_DEBIT,35318.62,,
DEBIT,11/03/2025,"Zelle payment to wenjun yan JPM99bt3z3hn",-1000.00,CHASE_TO_PARTNERFI,60615.42,,
DEBIT,11/03/2025,"Zelle payment to MHER 26803340394",-500.00,QUICKPAY_DEBIT,61615.42,,
DEBIT,11/03/2025,"Zelle payment to Icar 26415608606",-2500.00,QUICKPAY_DEBIT,62115.42,,
CREDIT,11/03/2025,"Zelle payment from ZIJIE JIANG 26831061672",50.00,QUICKPAY_CREDIT,64615.42,,
CREDIT,11/03/2025,"Zelle payment from QIAN WANG BACkqiqogpsa",1000.00,PARTNERFI_TO_CHASE,64565.42,,
DSLIP,11/03/2025,"REMOTE ONLINE DEPOSIT #          1",29000.00,CHECK_DEPOSIT,63565.42,1,
CREDIT,11/03/2025,"FEDWIRE CREDIT VIA: GBC INTERNATIONAL BANK/122235902 B/O: JTE GLOBAL TRADING & INVESTMENT AZUSA CA 91702-1580 REF: CHASE NYC/CTR/BNF=ATTITUDE D LLC ARCADIA CA 91007-2839 US/AC-000000009 120 RFB=NOTPROVIDED OBI=/PURP/LOAN TO ICAR/URI/LOAN TO IC AR BBI=/ACC/+1(626)999-9669 IMAD: 1103MMQFMPST000020 TRN: 1407151307FF",20000.00,WIRE_INCOMING,34565.42,,
DEBIT,10/31/2025,"Zelle payment to angel JPM99bswr3uo",-200.00,CHASE_TO_PARTNERFI,14565.42,,
DEBIT,10/31/2025,"Zelle payment to liu 26785823453",-992.22,QUICKPAY_DEBIT,14765.42,,
CREDIT,10/31/2025,"Zelle payment from HIROMITSU SUETAKE BACifxhivzs5",300.00,PARTNERFI_TO_CHASE,15757.64,,
CREDIT,10/31/2025,"Zelle payment from M2009 LLC USBcGj1oia3O",500.00,PARTNERFI_TO_CHASE,15457.64,,
CREDIT,10/31/2025,"ORIG CO NAME:NEXTGEAR FUNDING       ORIG ID:1201990165 DESC DATE:103025 CO ENTRY DESCR:FUNDING   SEC:CCD    TRACE#:091000012467613 EED:251031   IND ID:155929                       IND NAME:ICAR LIFESTYLE TRN: 3042467613TC",1753.80,ACH_CREDIT,14957.64,,
DEBIT,10/30/2025,"Zelle payment to car transport 26771077309",-140.00,QUICKPAY_DEBIT,13203.84,,
DEBIT,10/30/2025,"Zelle payment to ch JPM99bss66r7",-1624.00,CHASE_TO_PARTNERFI,13343.84,,
DEBIT,10/30/2025,"Zelle payment to wsc 26769028936",-3420.00,QUICKPAY_DEBIT,14967.84,,
DEBIT,10/30/2025,"Zelle payment to Ovis JPM99bsphia4",-400.00,CHASE_TO_PARTNERFI,18387.84,,
CREDIT,10/30/2025,"Zelle payment from Mher Galustanian 26770976062",500.00,QUICKPAY_CREDIT,18787.84,,
DEBIT,10/29/2025,"ONLINE DOMESTIC WIRE TRANSFER A/C: RUI ZHANG SANTA FE SPRINGS CA 90670-4290 US TRN: 3637965302ES 10/29",-15800.00,WIRE_OUTGOING,18287.84,,
DEBIT,10/29/2025,"Zelle payment to Caglar JPM99bsoa9bq",-850.00,CHASE_TO_PARTNERFI,34087.84,,
DEBIT,10/29/2025,"ORIG CO NAME:NOWCOM, LLC            ORIG ID:1911718107 DESC DATE:       CO ENTRY DESCR:DEALERCNTRSEC:CCD    TRACE#:104000011955579 EED:251029   IND ID:M121311514522                IND NAME:ATTITUDE D LLC TRN: 3021955579TC",-876.62,ACH_DEBIT,34937.84,,
DSLIP,10/29/2025,"REMOTE ONLINE DEPOSIT #          1",905.00,CHECK_DEPOSIT,35814.46,1,
CHECK,10/28/2025,"CHECK 1098  ",-21426.00,CHECK_PAID,34909.46,1098,
CHECK,10/28/2025,"CHECK 1099  10/28",-8083.52,CHECK_PAID,56335.46,1099,
DEBIT,10/28/2025,"Zelle payment to clean JPM99bsk1jra",-150.00,CHASE_TO_PARTNERFI,64418.98,,
DEBIT,10/28/2025,"ORIG CO NAME:IPFS866-412-6739       ORIG ID:0AD2424370 DESC DATE:       CO ENTRY DESCR:IPFSPMTWASSEC:CCD    TRACE#:101000014694450 EED:251028   IND ID:561402                       IND NAME:ATTITUDE D LLC                                                                                               GDxLk2vV TRN: 3014694450TC",-837.88,ACH_DEBIT,64568.98,,
DEBIT,10/28/2025,"ORIG CO NAME:NEXTGEAR PAYMENT       ORIG ID:1260401907 DESC DATE:102725 CO ENTRY DESCR:PAYMENT   SEC:CCD    TRACE#:091000014921409 EED:251028   IND ID:155929                       IND NAME:ICAR LIFESTYLE TRN: 3014921409TC",-38169.59,ACH_DEBIT,65406.86,,
DEBIT,10/28/2025,"ORIG CO NAME:NEXTGEAR PAYMENT       ORIG ID:1260401907 DESC DATE:102725 CO ENTRY DESCR:PAYMENT   SEC:CCD    TRACE#:091000014921410 EED:251028   IND ID:155929                       IND NAME:ICAR LIFESTYLE TRN: 3014921410TC",-40146.63,ACH_DEBIT,103576.45,,
DSLIP,10/28/2025,"DEPOSIT  ID NUMBER 763414",10400.00,DEPOSIT,143723.08,,
CHECK,10/27/2025,"CHECK 1093  ",-44743.62,CHECK_PAID,133323.08,1093,
DEBIT,10/27/2025,"Zelle payment to uvm group llc 26739223042",-1100.00,QUICKPAY_DEBIT,178066.70,,
DEBIT,10/27/2025,"Zelle payment to secure vehicle 26735695631",-1000.00,QUICKPAY_DEBIT,179166.70,,
DEBIT,10/27/2025,"Zelle payment to angel JPM99bs8la1f",-180.00,CHASE_TO_PARTNERFI,180166.70,,
DEBIT,10/27/2025,"ORIG CO NAME:NEXTGEAR PAYMENT       ORIG ID:1260401907 DESC DATE:102425 CO ENTRY DESCR:PAYMENT   SEC:CCD    TRACE#:091000013067561 EED:251027   IND ID:155929                       IND NAME:ICAR LIFESTYLE TRN: 3003067561TC",-20981.09,ACH_DEBIT,180346.70,,
DEBIT,10/27/2025,"ORIG CO NAME:NEXTGEAR PAYMENT       ORIG ID:1260401907 DESC DATE:102425 CO ENTRY DESCR:PAYMENT   SEC:CCD    TRACE#:091000013067562 EED:251027   IND ID:155929                       IND NAME:ICAR LIFESTYLE TRN: 3003067562TC",-28626.09,ACH_DEBIT,201327.79,,
DEBIT,10/27/2025,"Zelle payment to ULTIMATE PRINTING INC 26712552604",-63.90,QUICKPAY_DEBIT,229953.88,,
DEBIT,10/27/2025,"Zelle payment to ting to 26712083723",-1356.84,QUICKPAY_DEBIT,230017.78,,
CREDIT,10/27/2025,"ORIG CO NAME:WESTLAKE FINANCI       ORIG ID:2272814169 DESC DATE:102425 CO ENTRY DESCR:PAYABLES  SEC:PPD    TRACE#:091000013182397 EED:251027   IND ID:                             IND NAME:ATTITUDE D LLC TRN: 3003182397TC",333.96,ACH_CREDIT,231374.62,,
CREDIT,10/27/2025,"Zelle payment from DW LA TRANSPORTATION INC BACeom03ye6k",1300.00,PARTNERFI_TO_CHASE,231040.66,,
CREDIT,10/27/2025,"Zelle payment from Karan Rezaei USBDbfRogtsk",3000.00,PARTNERFI_TO_CHASE,229740.66,,
CREDIT,10/27/2025,"Zelle payment from DEREGE WORKU BACngk2v2f57",4000.00,PARTNERFI_TO_CHASE,226740.66,,
CREDIT,10/27/2025,"ORIG CO NAME: MANHEIM US            ORIG ID:1582577037 DESC DATE:       CO ENTRY DESCR:ACH PAYMNTSEC:CCD    TRACE#:091000012908093 EED:251027   IND ID:17747515                     IND NAME:ICAR LIFESTYLE                                                                                               5993055 TRN: 3002908093TC",27300.00,ACH_CREDIT,222740.66,,
CREDIT,10/27/2025,"ORIG CO NAME:WESTLAKE FINANCI       ORIG ID:2272814169 DESC DATE:102425 CO ENTRY DESCR:PAYABLES  SEC:PPD    TRACE#:091000013182399 EED:251027   IND ID:                             IND NAME:ATTITUDE D LLC TRN: 3003182399TC",32546.54,ACH_CREDIT,195440.66,,
DSLIP,10/27/2025,"DEPOSIT  ID NUMBER   6676",9000.00,DEPOSIT,162894.12,,
CREDIT,10/27/2025,"FEDWIRE CREDIT VIA: REGIONS BANK/062005690 B/O: LENDBUZZ FUNDING LLC BOSTON MA 02110 REF: CHASE NYC/CTR/BNF=ATTITUDE D LLC ARCADIA CA 91007-2839 US/AC-000000009 120 RFB=NOTPROVIDED OBI=/URI/WP0AA2 A75JL108879 : 2168402 BBI=/ACC/4553 42X2168402 IMAD: 1027F2QCZ00C001528 TRN: 0588411300FF",45171.00,WIRE_INCOMING,153894.12,,
CHECK,10/24/2025,"CHECK 1092  ",-5.00,CHECK_PAID,108723.12,1092,
DEBIT,10/24/2025,"Zelle payment to andra feng JPM99bs3z3ah",-30.00,CHASE_TO_PARTNERFI,108728.12,,
DEBIT,10/24/2025,"Zelle payment to xiyong JPM99bs3j824",-200.00,CHASE_TO_PARTNERFI,108758.12,,
DEBIT,10/24/2025,"Zelle payment to andrew JPM99bs2wid6",-750.00,CHASE_TO_PARTNERFI,108958.12,,
DEBIT,10/24/2025,"Zelle payment to davit JPM99bs0t7o1",-800.00,CHASE_TO_PARTNERFI,109708.12,,
CREDIT,10/24/2025,"ORIG CO NAME:TSYS/TRANSFIRST        ORIG ID:WFBTRANSF1 DESC DATE:251023 CO ENTRY DESCR:CR CD DEP SEC:CCD    TRACE#:043305133466183 EED:251024   IND ID:543684556033333              IND NAME:ICAR LIFESTYLE             5436845560333337ICAR LIFESTYLE            CR CD DEP 102425 TRN: 2973466183TC",2575.00,ACH_CREDIT,110508.12,,
DEBIT,10/23/2025,"Zelle payment to wsc 26693336281",-880.00,QUICKPAY_DEBIT,107933.12,,
DEBIT,10/23/2025,"ORIG CO NAME:NEXTGEAR PAYMENT       ORIG ID:1260401907 DESC DATE:102225 CO ENTRY DESCR:PAYMENT   SEC:CCD    TRACE#:091000016454000 EED:251023   IND ID:155929                       IND NAME:ICAR LIFESTYLE TRN: 2966454000TC",-32645.95,ACH_DEBIT,108813.12,,
DEBIT,10/23/2025,"CENTRALDISPATCH.COM 858-259-6084 NY          10/22",-199.95,DEBIT_CARD,141459.07,,
CREDIT,10/23/2025,"Zelle payment from M2009 LLC USBeZhNofDkf",2000.00,PARTNERFI_TO_CHASE,141659.02,,
CREDIT,10/23/2025,"ORIG CO NAME:NEXTGEAR FUNDING       ORIG ID:1201990165 DESC DATE:102225 CO ENTRY DESCR:FUNDING   SEC:CCD    TRACE#:091000016449262 EED:251023   IND ID:155929                       IND NAME:ICAR LIFESTYLE TRN: 2966449262TC",85862.19,ACH_CREDIT,139659.02,,
DEBIT,10/22/2025,"Zelle payment to solo liner JPM99brv3tz6",-1300.00,CHASE_TO_PARTNERFI,53796.83,,
DEBIT,10/22/2025,"DOMESTIC WIRE TRANSFER VIA: WELLS FARGO NA/121000248 A/C: DRIVELINE USED CARS REF: ASTON MARTIN DBXV07585/TIME/16:35 IMAD: 1022MMQFMP2L040985 TRN: 3336585295ES 10/22",-126500.00,WIRE_OUTGOING,55096.83,,
CHECK,10/22/2025,"CHECK 1097  ",-1109.00,CHECK_PAID,181596.83,1097,
DEBIT,10/22/2025,"ORIG CO NAME:WASTE MANAGEMENT       ORIG ID:9580653001 DESC DATE:251021 CO ENTRY DESCR:PAYMENT   SEC:CCD    TRACE#:021000021332824 EED:251022   IND ID:000221937893009              IND NAME:Cundi Fang                 Log in to the MY WM Account Page fo r payment details. TRN: 2951332824TC",-275.57,ACH_DEBIT,182705.83,,
DEBIT,10/22/2025,"Zelle payment to raad auto JPM99brsq1in",-150.00,CHASE_TO_PARTNERFI,182981.40,,
DEBIT,10/22/2025,"Zelle payment to harv JPM99brsounm",-300.00,CHASE_TO_PARTNERFI,183131.40,,
CREDIT,10/22/2025,"Zelle payment from M2009 LLC USBYxlFofC6O",500.00,PARTNERFI_TO_CHASE,183431.40,,
CREDIT,10/22/2025,"ORIG CO NAME:IRS  TREAS 310         ORIG ID:9101036151 DESC DATE:102225 CO ENTRY DESCR:  MISC PAYSEC:CTX    TRACE#:101036151161426 EED:251022   IND ID:921276656200900              IND NAME:0006ATTITUDE D LLC TRN: 2951161426TC",4000.00,ACH_CREDIT,182931.40,,
DSLIP,10/22/2025,"REMOTE ONLINE DEPOSIT #          1",17100.00,CHECK_DEPOSIT,178931.40,1,
DEBIT,10/21/2025,"Zelle payment to wsc 26666900830",-100.00,QUICKPAY_DEBIT,161831.40,,
DEBIT,10/21/2025,"ORIG CO NAME:Westlake Floorin       ORIG ID:1352426469 DESC DATE:102025 CO ENTRY DESCR:PAYABLES  SEC:CCD    TRACE#:122232106446618 EED:251021   IND ID:100499447                    IND NAME:ICAR Lifestyle             100499447 ,ICAR Lifestyle      ,VIN :5TDYZ3DC1LS038689 ,2020-TOYOTA-SIE ENNA FWD  DYNAMIC EFT TRN: 2946446618TC",-3028.00,ACH_DEBIT,161931.40,,
DEBIT,10/21/2025,"ORIG CO NAME:NEXTGEAR PAYMENT       ORIG ID:1260401907 DESC DATE:102025 CO ENTRY DESCR:PAYMENT   SEC:CCD    TRACE#:091000012627107 EED:251021   IND ID:155929                       IND NAME:ICAR LIFESTYLE TRN: 2942627107TC",-1318.96,ACH_DEBIT,164959.40,,
DEBIT,10/21/2025,"ORIG CO NAME:NEXTGEAR PAYMENT       ORIG ID:1260401907 DESC DATE:102025 CO ENTRY DESCR:PAYMENT   SEC:CCD    TRACE#:091000012627106 EED:251021   IND ID:155929                       IND NAME:ICAR LIFESTYLE TRN: 2942627106TC",-7189.04,ACH_DEBIT,166278.36,,
DEBIT,10/21/2025,"ORIG CO NAME:NEXTGEAR PAYMENT       ORIG ID:1260401907 DESC DATE:102025 CO ENTRY DESCR:PAYMENT   SEC:CCD    TRACE#:091000012682767 EED:251021   IND ID:155929                       IND NAME:ICAR LIFESTYLE TRN: 2942682767TC",-28871.54,ACH_DEBIT,173467.40,,
DEBIT,10/21/2025,"Zelle payment to egtransport JPM99brofm1e",-1400.00,CHASE_TO_PARTNERFI,202338.94,,
DSLIP,10/21/2025,"DEPOSIT  ID NUMBER 864942",38454.43,DEPOSIT,203738.94,,
DEBIT,10/20/2025,"Zelle payment to wsc 26660370885",-300.00,QUICKPAY_DEBIT,165284.51,,
DEBIT,10/20/2025,"ONLINE DOMESTIC WIRE TRANSFER VIA: WELLS FARGO NA/121000248 A/C: DRIVELINE USEDCAR MURRIETA CA 92562 US REF:/TIME/21:55 IMAD: 1020MMQFMP2L072501 TRN: 3817765293ES 10/20",-5000.00,WIRE_OUTGOING,165584.51,,
DEBIT,10/20/2025,"Zelle payment to wsc 26656105748",-360.00,QUICKPAY_DEBIT,170584.51,,
DEBIT,10/20/2025,"Zelle payment to spark JPM99brc551n",-950.00,CHASE_TO_PARTNERFI,170944.51,,
CREDIT,10/20/2025,"Zelle payment from CARTUR LLC USBpZzhof33o",1.00,PARTNERFI_TO_CHASE,171894.51,,
CREDIT,10/20/2025,"Zelle payment from CHINGWEN HUANG BAClma0b8y1h",550.00,PARTNERFI_TO_CHASE,171893.51,,
CREDIT,10/20/2025,"Zelle payment from CARTUR LLC USBCY0uof33w",849.00,PARTNERFI_TO_CHASE,171343.51,,
CREDIT,10/20/2025,"Zelle payment from CHIA CHEN LIN 26649377369",1000.00,QUICKPAY_CREDIT,170494.51,,
CREDIT,10/20/2025,"Zelle payment from KECHENG CHEN BACfzkco1eqn",1950.00,PARTNERFI_TO_CHASE,169494.51,,
CREDIT,10/20/2025,"Zelle payment from KECHENG CHEN BACcbp5wd8mt",2000.00,PARTNERFI_TO_CHASE,167544.51,,
CREDIT,10/20/2025,"ORIG CO NAME:NEXTGEAR FUNDING       ORIG ID:1201990165 DESC DATE:101725 CO ENTRY DESCR:FUNDING   SEC:CCD    TRACE#:091000019933324 EED:251020   IND ID:155929                       IND NAME:ICAR LIFESTYLE TRN: 2939933324TC",38500.00,ACH_CREDIT,165544.51,,
CREDIT,10/20/2025,"BOOK TRANSFER CREDIT B/O: CHIA CHEN LIN LAKE FOREST CA 92630-2506 US TRN: 3313365293ES",25000.00,WIRE_INCOMING,127044.51,,
DEBIT,10/17/2025,"Zelle payment to Ovis JPM99brbqjjp",-350.00,CHASE_TO_PARTNERFI,102044.51,,
DEBIT,10/17/2025,"Zelle payment to ch JPM99br9outw",-50.00,CHASE_TO_PARTNERFI,102394.51,,
CHECK,10/17/2025,"CHECK 1096  10/17",-38500.00,CHECK_PAID,102444.51,1096,
DEBIT,10/17/2025,"ORIG CO NAME:Westlake Floorin       ORIG ID:1352426469 DESC DATE:101625 CO ENTRY DESCR:PAYABLES  SEC:CCD    TRACE#:122232107754661 EED:251017   IND ID:100499447                    IND NAME:ICAR Lifestyle             100499447 ,ICAR Lifestyle      ,Pay ment-1units                                   DYNAMIC EFT TRN: 2907754661TC",-4269.83,ACH_DEBIT,140944.51,,
DEBIT,10/17/2025,"ORIG CO NAME:FRANCHISE TAX BO       ORIG ID:1282532045 DESC DATE:251017 CO ENTRY DESCR:PAYMENTS  SEC:CCD    TRACE#:042000013911180 EED:251017   IND ID:122867166    PM              IND NAME:ATTITUDE TRN: 2903911180TC",-800.00,ACH_DEBIT,145214.34,,
DEBIT,10/17/2025,"ORIG CO NAME:FRANCHISE TAX BO       ORIG ID:1282532045 DESC DATE:251017 CO ENTRY DESCR:PAYMENTS  SEC:CCD    TRACE#:042000013911290 EED:251017   IND ID:122867409    PM              IND NAME:ATTITUDE TRN: 2903911290TC",-6000.00,ACH_DEBIT,146014.34,,
DEBIT,10/17/2025,"Zelle payment to raad auto JPM99br6lihq",-525.00,CHASE_TO_PARTNERFI,152014.34,,
CREDIT,10/17/2025,"Zelle payment from XI YONG BACfnf2n0z4r",200.00,PARTNERFI_TO_CHASE,152539.34,,
DSLIP,10/17/2025,"DEPOSIT  ID NUMBER 763163",50000.00,DEPOSIT,152339.34,,
CHECK,10/16/2025,"CHECK 1085  ",-47047.41,CHECK_PAID,102339.34,1085,
DEBIT,10/16/2025,"Zelle payment to Ovis JPM99br4zhkg",-270.00,CHASE_TO_PARTNERFI,149386.75,,
DEBIT,10/16/2025,"ONLINE DOMESTIC WIRE TRANSFER VIA: F121000358/121000358 A/C: OLD BABY TRAVEL SAN GABRIEL CA 91776 US REF: E350/TIME/09:33 IMAD: 1016MMQFMP2K003503 TRN: 3109685289ES 10/16",-17378.55,WIRE_OUTGOING,149656.75,,
DEBIT,10/16/2025,"Zelle payment to lee JPM99br2y7lz",-1904.19,CHASE_TO_PARTNERFI,167035.30,,
DEBIT,10/16/2025,"Zelle payment to angel JPM99br2tzt3",-150.00,CHASE_TO_PARTNERFI,168939.49,,
CREDIT,10/16/2025,"Zelle payment from ZIJIE JIANG 26603811492",50.00,QUICKPAY_CREDIT,169089.49,,
CREDIT,10/16/2025,"ORIG CO NAME:WESTLAKE FINANCI       ORIG ID:2272814169 DESC DATE:101525 CO ENTRY DESCR:PAYABLES  SEC:PPD    TRACE#:091000014400733 EED:251016   IND ID:                             IND NAME:ATTITUDE D LLC TRN: 2894400733TC",8806.81,ACH_CREDIT,169039.49,,
DEBIT,10/15/2025,"Zelle payment to ch JPM99br1sksu",-1592.00,CHASE_TO_PARTNERFI,160232.68,,
DEBIT,10/15/2025,"Zelle payment to bisho JPM99br16bke",-225.00,CHASE_TO_PARTNERFI,161824.68,,
DEBIT,10/15/2025,"ORIG CO NAME:Westlake Floorin       ORIG ID:1352426469 DESC DATE:101425 CO ENTRY DESCR:PAYABLES  SEC:CCD    TRACE#:122232108747931 EED:251015   IND ID:100499447                    IND NAME:ICAR Lifestyle             100499447 ,ICAR Lifestyle      ,VIN :WBA63DA01SCU84444 ,2025-B M W-4 SE ERIES     DYNAMIC EFT TRN: 2888747931TC",-44051.00,ACH_DEBIT,162049.68,,
DEBIT,10/15/2025,"ORIG CO NAME:IRS                    ORIG ID:3387702000 DESC DATE:101525 CO ENTRY DESCR:USATAXPYMTSEC:CCD    TRACE#:061036013918757 EED:251015   IND ID:223568832870166              IND NAME:CEO ATTITUDE D LLC TRN: 2883918757TC",-20.88,ACH_DEBIT,206100.68,,
DEBIT,10/15/2025,"ORIG CO NAME:EMPLOYMENT DEVEL       ORIG ID:2282533055 DESC DATE:101425 CO ENTRY DESCR:EDD EFTPMTSEC:CCD    TRACE#:042000011021290 EED:251015   IND ID:1901321952                   IND NAME:ICAR LIFESTYLE                                                                                               PAYMENT TRN: 2881021290TC",-1270.00,ACH_DEBIT,206121.56,,
DEBIT,10/15/2025,"ORIG CO NAME:IRS                    ORIG ID:3387702000 DESC DATE:101525 CO ENTRY DESCR:USATAXPYMTSEC:CCD    TRACE#:061036013918758 EED:251015   IND ID:223568880698651              IND NAME:CEO ATTITUDE D LLC TRN: 2883918758TC",-4971.26,ACH_DEBIT,207391.56,,
DEBIT,10/15/2025,"Zelle payment to ch JPM99bqxl8g4",-523.00,CHASE_TO_PARTNERFI,212362.82,,
CREDIT,10/15/2025,"ORIG CO NAME:TSYS/TRANSFIRST        ORIG ID:WFBTRANSF1 DESC DATE:251014 CO ENTRY DESCR:CR CD DEP SEC:CCD    TRACE#:043305131637185 EED:251015   IND ID:543684556033333              IND NAME:ICAR LIFESTYLE             5436845560333337ICAR LIFESTYLE            CR CD DEP 101525 TRN: 2881637185TC",9270.00,ACH_CREDIT,212885.82,,
DSLIP,10/15/2025,"REMOTE ONLINE DEPOSIT #          1",10700.00,CHECK_DEPOSIT,203615.82,1,
CREDIT,10/15/2025,"FEDWIRE CREDIT VIA: WELLS FARGO BANK, N.A./121000248 B/O: LENDBUZZ FUNDING LLC BOSTON MA 02110 US REF: CHASE NYC/CTR/BNF=ATTITUDE D LLC ARCADIA CA 91007-2839 US/AC-000000009 120 RFB=450402X2122285 OBI=/URI/1GN SCFKD0PR350602 : 2122285 BBI=/CHGS/USD0,00/ IMAD: 1015I1B7032R010146 TRN: 0660261288FF",31109.00,WIRE_INCOMING,192915.82,,
CREDIT,10/14/2025,"Zelle payment from KECHENG CHEN BACbhiyz98to",500.00,PARTNERFI_TO_CHASE,161806.82,,
DSLIP,10/14/2025,"DEPOSIT  ID NUMBER 763348",32092.00,DEPOSIT,161306.82,,
CREDIT,10/14/2025,"FEDWIRE CREDIT VIA: BANK OF AMERICA, N.A./026009593 B/O: 1/JUNYE WANG 3/US/EMERYVILLE, CA 94608 3590 REF: CHASE NYC/CTR/BNF=ATTITUDE D LLC ARCADIA CA 91007-2839 US/AC-000000009 120 RFB=NOTPROVIDED BBI=/CHGS/USD0, 00/ IMAD: 1014B6B7HU3R027044 TRN: 1640831287FF",110040.00,WIRE_INCOMING,129214.82,,
DEBIT,10/10/2025,"Zelle payment to sgv 26547965103",-938.00,QUICKPAY_DEBIT,19174.82,,
DEBIT,10/10/2025,"ORIG CO NAME:AMERICAN EXPRESS       ORIG ID:9493560001 DESC DATE:251010 CO ENTRY DESCR:ACH PMT   SEC:CCD    TRACE#:021000025059718 EED:251010   IND ID:A9810                        IND NAME:SHANGQI LI                                                                                                   AM TRN: 2835059718TC",-15787.31,ACH_DEBIT,20112.82,,
DEBIT,10/10/2025,"Zelle payment to andra feng JPM99bqfomfy",-30.00,CHASE_TO_PARTNERFI,35900.13,,
DEBIT,10/10/2025,"Zelle payment to andra feng JPM99bqfb6g8",-60.00,CHASE_TO_PARTNERFI,35930.13,,
DEBIT,10/10/2025,"ORIG CO NAME:TSYS/TRANSFIRST        ORIG ID:WFBTRANSF1 DESC DATE:250930 CO ENTRY DESCR:MERCH FEESSEC:CCD    TRACE#:043305137148838 EED:251010   IND ID:543684556033333              IND NAME:ICAR LIFESTYLE TRN: 2837148838TC",-75.14,ACH_DEBIT,35990.13,,
CREDIT,10/10/2025,"Zelle payment from CHIA CHEN LIN 26548166291",1000.00,QUICKPAY_CREDIT,36065.27,,
CREDIT,10/10/2025,"ORIG CO NAME:NEXTGEAR FUNDING       ORIG ID:1201990165 DESC DATE:100925 CO ENTRY DESCR:FUNDING   SEC:CCD    TRACE#:091000015696012 EED:251010   IND ID:155929                       IND NAME:ICAR LIFESTYLE TRN: 2835696012TC",9922.80,ACH_CREDIT,35065.27,,
DEBIT,10/09/2025,"ONLINE DOMESTIC WIRE TRANSFER VIA: GBC INTL BANK LA/122235902 A/C: JTE GLOBAL AZUSA CA 91702 US IMAD: 1009MMQFMP2M033253 TRN: 3578675282ES 10/09",-50000.00,WIRE_OUTGOING,25142.47,,
DEBIT,10/09/2025,"Zelle payment to angel JPM99bq904h0",-200.00,CHASE_TO_PARTNERFI,75142.47,,
CHECK,10/09/2025,"CHECK 1091  ",-8462.16,CHECK_PAID,75342.47,1091,
CREDIT,10/09/2025,"ORIG CO NAME:Perimeter Billia       ORIG ID:STRIPE6088 DESC DATE:       CO ENTRY DESCR:SHOPIFY   SEC:CCD    TRACE#:242071755488314 EED:251009   IND ID:N8N1H0E7C7G1                 IND NAME:ATTITUDE D LLC                                                                                               STRIPE6088 TRN: 2825488314TC",50000.00,ACH_CREDIT,83804.63,,
DEBIT,10/08/2025,"ONLINE DOMESTIC WIRE TRANSFER VIA: GBC INTL BANK LA/122235902 A/C: JTE GLOBAL AZUSA CA 91702 US REF: MODEL Y IMAD: 1008MMQFMP2N024388 TRN: 3451785281ES 10/08",-26000.00,WIRE_OUTGOING,33804.63,,
DEBIT,10/08/2025,"Zelle payment to transport JPM99bq69f7d",-330.00,CHASE_TO_PARTNERFI,59804.63,,
DEBIT,10/08/2025,"Zelle payment to osda JPM99bq61x6h",-1100.00,CHASE_TO_PARTNERFI,60134.63,,
DEBIT,10/07/2025,"Zelle payment to Tan JPM99bq2ch57",-430.60,CHASE_TO_PARTNERFI,61234.63,,
DEBIT,10/07/2025,"ORIG CO NAME:Westlake Floorin       ORIG ID:1352426469 DESC DATE:100625 CO ENTRY DESCR:PAYABLES  SEC:CCD    TRACE#:122232104448346 EED:251007   IND ID:100499447                    IND NAME:ICAR Lifestyle             100499447 ,ICAR Lifestyle      ,VIN :3MW89FF0XR8E38897 ,2024-B M W-3 SE ERIES     DYNAMIC EFT TRN: 2804448346TC",-2417.59,ACH_DEBIT,61665.23,,
DEBIT,10/07/2025,"ORIG CO NAME:CARFAX                 ORIG ID:1251465303 DESC DATE:100625 CO ENTRY DESCR:BT1006    SEC:CCD    TRACE#:111000029131363 EED:251007   IND ID:000000337077218              IND NAME:Attitude D llc                                                                                               CARFAX TRN: 2809131363TC",-1248.00,ACH_DEBIT,64082.82,,
DEBIT,10/07/2025,"ORIG CO NAME:NEXTGEAR PAYMENT       ORIG ID:1260401907 DESC DATE:100625 CO ENTRY DESCR:PAYMENT   SEC:CCD    TRACE#:091000019768329 EED:251007   IND ID:155929                       IND NAME:ICAR LIFESTYLE TRN: 2809768329TC",-173890.15,ACH_DEBIT,65330.82,,
DEBIT,10/07/2025,"Zelle payment to alisher JPM99bq0lkrc",-1100.00,CHASE_TO_PARTNERFI,239220.97,,
CREDIT,10/07/2025,"ORIG CO NAME: MANHEIM US            ORIG ID:1582577037 DESC DATE:       CO ENTRY DESCR:ACH PAYMNTSEC:CCD    TRACE#:091000010123843 EED:251007   IND ID:17645513                     IND NAME:ICAR LIFESTYLE                                                                                               5977140 TRN: 2800123843TC",14525.00,ACH_CREDIT,240320.97,,
CREDIT,10/07/2025,"ORIG CO NAME: MANHEIM US            ORIG ID:1582577037 DESC DATE:       CO ENTRY DESCR:ACH PAYMNTSEC:CCD    TRACE#:091000010106834 EED:251007   IND ID:17648134                     IND NAME:ICAR LIFESTYLE                                                                                               5977131 TRN: 2800106834TC",36950.00,ACH_CREDIT,225795.97,,
DEBIT,10/06/2025,"Zelle payment to egtransport JPM99bpyxvke",-1100.00,CHASE_TO_PARTNERFI,188845.97,,
DEBIT,10/06/2025,"Zelle payment to William Lopez 26493552871",-400.00,QUICKPAY_DEBIT,189945.97,,
DEBIT,10/06/2025,"ONLINE DOMESTIC WIRE TRANSFER VIA: SVB A DIV OF FCB/121140399 A/C: KORA FINANCIAL INC SANTA CLARA CA 95054 US REF: 2019 MASERATI LEVANTE X308390/TIME/12:06 IMAD: 1006MMQFMP2L007662 TRN: 3175495279ES 10/06",-22974.35,WIRE_OUTGOING,190345.97,,
DEBIT,10/06/2025,"Zelle payment to Nancy JPM99bprnt0v",-600.00,CHASE_TO_PARTNERFI,213320.32,,
DEBIT,10/06/2025,"Zelle payment to Reputation JPM99bprn8c4",-1000.00,CHASE_TO_PARTNERFI,213920.32,,
DEBIT,10/06/2025,"Zelle payment to Reputation JPM99bpn3trl",-4060.00,CHASE_TO_PARTNERFI,214920.32,,
DEBIT,10/03/2025,"Zelle payment to zijin JPM99bpm814w",-157.37,CHASE_TO_PARTNERFI,218980.32,,
DEBIT,10/03/2025,"Zelle payment to Ji hvk JPM99bpm446k",-650.00,CHASE_TO_PARTNERFI,219137.69,,
DSLIP,10/03/2025,"DEPOSIT  ID NUMBER 763110",126596.88,DEPOSIT,219787.69,,
CREDIT,10/03/2025,"FEDWIRE CREDIT VIA: BANK OF AMERICA, N.A./026009593 B/O: 1/JIEYUN ZHANG 3/US/LOS ANGELES, CA 90007 2322 REF: CHASE NYC/CTR/BNF=ATTITUDE D LLC ARCADIA CA 91007-2839 US/AC-000000009 120 RFB=NOTPROVIDED BBI=/CHGS/USD0, 00/ IMAD: 1003B6B7HU3R003960 TRN: 0111831276FF",15000.00,WIRE_INCOMING,93190.81,,
DEBIT,10/02/2025,"Zelle payment to ding 26443964225",-2500.00,QUICKPAY_DEBIT,78190.81,,
DEBIT,10/02/2025,"CA DMV LOS ANGELES BSC COVINA CA     402894  10/02",-15.00,DEBIT_CARD,80690.81,,
DEBIT,10/02/2025,"Zelle payment to clean JPM99bpfr1ma",-150.00,CHASE_TO_PARTNERFI,80705.81,,
DEBIT,10/02/2025,"ORIG CO NAME:ALPHA WARRANTY S       ORIG ID:1201626764 DESC DATE:011025 CO ENTRY DESCR:ZM ACH    SEC:CCD    TRACE#:041001037352272 EED:251002   IND ID:DL19057                      IND NAME:attitude d llc                                                                                               AWS ZOOM ACH TRN: 2757352272TC",-293.00,ACH_DEBIT,80855.81,,
CHECK,10/02/2025,"CHECK 1089  ",-4930.29,CHECK_PAID,81148.81,1089,
CREDIT,10/02/2025,"Zelle payment from ZIJIE JIANG 26434339479",500.00,QUICKPAY_CREDIT,86079.10,,
CREDIT,10/02/2025,"Zelle payment from LA SKY DRAGON LLC 26444857236",1000.00,QUICKPAY_CREDIT,85579.10,,
CREDIT,10/02/2025,"Online Transfer from CHK ...9383 transaction#: 26444116279",2500.00,ACCT_XFER,84579.10,,
CREDIT,10/02/2025,"Zelle payment from CYBER TINT&WRAP LLC 26441959108",2500.00,QUICKPAY_CREDIT,82079.10,,
DSLIP,10/02/2025,"DEPOSIT  ID NUMBER 763248",10000.00,DEPOSIT,79579.10,,
CHECK,10/01/2025,"CHECK 1090  ",-3565.38,CHECK_PAID,69579.10,1090,
CHECK,10/01/2025,"CHECK 1084  ",-3808.38,CHECK_PAID,73144.48,1084,
CHECK,10/01/2025,"CHECK 1088  ",-5749.66,CHECK_PAID,76952.86,1088,
DEBIT,10/01/2025,"Zelle payment to Marlon 26427168584",-400.00,QUICKPAY_DEBIT,82702.52,,
DEBIT,10/01/2025,"ORIG CO NAME:TESLA MOTORS           ORIG ID:5912197729 DESC DATE:B25273 CO ENTRY DESCR:TESLA MOTOSEC:WEB    TRACE#:091000012273869 EED:251001   IND ID:2V4OL48B36FP6EU              IND NAME:CUNDI FANG TRN: 2742273869TC",-3111.15,ACH_DEBIT,83102.52,,
DEBIT,10/01/2025,"DOMESTIC WIRE TRANSFER VIA: EW BK SMRINO/322070381 A/C: BOXIANG XU REF: ROLLS ROYCE PAYMENT IMAD: 1001MMQFMP2K011856 TRN: 3998025273ES 10/01",-290000.00,WIRE_OUTGOING,86213.67,,
DEBIT,10/01/2025,"Zelle payment to Icar 26057408963",-2500.00,QUICKPAY_DEBIT,376213.67,,
CREDIT,10/01/2025,"ORIG CO NAME:IRS  TREAS 310         ORIG ID:9101036151 DESC DATE:100125 CO ENTRY DESCR:  MISC PAYSEC:CTX    TRACE#:101036154010785 EED:251001   IND ID:921276656200900              IND NAME:0006ATTITUDE D LLC TRN: 2744010785TC",4000.00,ACH_CREDIT,378713.67,,
CREDIT,10/01/2025,"FEDWIRE CREDIT VIA: INDUSTRIAL & COMM. BNK OF CHINA, NA/026010948 B/O: ZIJIN ZENG CHN REF: CHASE NYC/CTR/BNF=ATTITUDE D LLC ARCADIA CA 91007-2839 US/AC-000000009 120 RFB=FW20012509304762 OBI=/URI/I NVOICE PAYMENT IMAD: 1001QMGFT013001673 TRN: 1492001274FF",30000.00,WIRE_INCOMING,374713.67,,
DEBIT,09/30/2025,"Zelle payment to xinhe zhou JPM99bp5gg4c",-300.00,CHASE_TO_PARTNERFI,344713.67,,
DEBIT,09/30/2025,"Zelle payment to Sgva 26409327531",-1500.00,QUICKPAY_DEBIT,345013.67,,
DEBIT,09/30/2025,"Zelle payment to Acrd 26408522491",-250.00,QUICKPAY_DEBIT,346513.67,,
DEBIT,09/30/2025,"ORIG CO NAME:IPFS866-412-6739       ORIG ID:0AD2424370 DESC DATE:       CO ENTRY DESCR:IPFSPMTWASSEC:CCD    TRACE#:101000013230580 EED:250930   IND ID:561402                       IND NAME:ATTITUDE D LLC                                                                                               GDxLk2vV TRN: 2733230580TC",-837.88,ACH_DEBIT,346763.67,,
CREDIT,09/30/2025,"Zelle payment from ICAR EXOTICS 26401637907",3111.15,QUICKPAY_CREDIT,347601.55,,
DEBIT,09/29/2025,"Zelle payment to A star 26397824939",-4190.00,QUICKPAY_DEBIT,344490.40,,
DEBIT,09/29/2025,"Online Transfer to CHK ...9383 transaction#: 26389978631 09/29",-150.00,ACCT_XFER,348680.40,,
DEBIT,09/29/2025,"ORIG CO NAME:Westlake Floorin       ORIG ID:1352426469 DESC DATE:092625 CO ENTRY DESCR:PAYABLES  SEC:CCD    TRACE#:122232106145119 EED:250929   IND ID:100499447                    IND NAME:ICAR Lifestyle             100499447 ,ICAR Lifestyle      ,Aud it Fee 2025/09/08 00:00:00.000                DYNAMIC EFT TRN: 2726145119TC",-125.00,ACH_DEBIT,348830.40,,
DEBIT,09/29/2025,"ORIG CO NAME:Westlake Floorin       ORIG ID:1352426469 DESC DATE:092625 CO ENTRY DESCR:PAYABLES  SEC:CCD    TRACE#:122232106145137 EED:250929   IND ID:100499447                    IND NAME:ICAR Lifestyle             100499447 ,ICAR Lifestyle      ,Pay ment-1units                                   DYNAMIC EFT TRN: 2726145137TC",-336.16,ACH_DEBIT,348955.40,,
DEBIT,09/29/2025,"ORIG CO NAME:Westlake Floorin       ORIG ID:1352426469 DESC DATE:092625 CO ENTRY DESCR:PAYABLES  SEC:CCD    TRACE#:122232106145037 EED:250929   IND ID:100499447                    IND NAME:ICAR Lifestyle             100499447 ,ICAR Lifestyle      ,VIN :5YJ3E1EA0JF018426 ,2018-Tesla-Mode el 3      DYNAMIC EFT TRN: 2726145037TC",-19269.12,ACH_DEBIT,349291.56,,
DEBIT,09/29/2025,"ORIG CO NAME:Westlake Floorin       ORIG ID:1352426469 DESC DATE:092625 CO ENTRY DESCR:PAYABLES  SEC:CCD    TRACE#:122232106145087 EED:250929   IND ID:100499447                    IND NAME:ICAR Lifestyle             100499447 ,ICAR Lifestyle      ,VIN :7SAYGDEEXPA147089 ,2023-Tesla-Mode el Y      DYNAMIC EFT TRN: 2726145087TC",-29837.16,ACH_DEBIT,368560.68,,
DEBIT,09/29/2025,"ORIG CO NAME:NOWCOM, LLC            ORIG ID:1911718107 DESC DATE:       CO ENTRY DESCR:DEALERCNTRSEC:CCD    TRACE#:104000012985796 EED:250929   IND ID:M121257803697                IND NAME:ATTITUDE D LLC TRN: 2722985796TC",-923.93,ACH_DEBIT,398397.84,,
DEBIT,09/29/2025,"Zelle payment to Yang Xiao 26370605628",-500.00,QUICKPAY_DEBIT,399321.77,,
DEBIT,09/29/2025,"Zelle payment to ch JPM99bopny56",-888.00,CHASE_TO_PARTNERFI,399821.77,,
CREDIT,09/29/2025,"Zelle payment from QI YIN BACdcfsbhois",500.00,PARTNERFI_TO_CHASE,400709.77,,
CREDIT,09/29/2025,"Zelle payment from YANG XIAO 26370120055",500.00,QUICKPAY_CREDIT,400209.77,,
CREDIT,09/29/2025,"Zelle payment from LINJUN ZHENG BACd2x59kg6q",1000.00,PARTNERFI_TO_CHASE,399709.77,,
CREDIT,09/29/2025,"Zelle payment from ZIJIN ZENG BACu90272j5u",1000.00,PARTNERFI_TO_CHASE,398709.77,,
CREDIT,09/29/2025,"Zelle payment from QI YIN BACbnrmtkljx",3500.00,PARTNERFI_TO_CHASE,397709.77,,
CREDIT,09/29/2025,"ORIG CO NAME: MANHEIM US            ORIG ID:1582577037 DESC DATE:       CO ENTRY DESCR:ACH PAYMNTSEC:CCD    TRACE#:091000011051197 EED:250929   IND ID:17605256                     IND NAME:ICAR LIFESTYLE                                                                                               5970473 TRN: 2721051197TC",293470.00,ACH_CREDIT,394209.77,,
DEBIT,09/26/2025,"Zelle payment to adesin truck JPM99bomjr5r",-650.00,CHASE_TO_PARTNERFI,100739.77,,
DEBIT,09/26/2025,"Zelle payment to altn JPM99bom9zsm",-350.00,CHASE_TO_PARTNERFI,101389.77,,
DEBIT,09/26/2025,"ORIG CO NAME:MANHEIM                ORIG ID:1581936030 DESC DATE:       CO ENTRY DESCR:ACH PAYMNTSEC:CCD    TRACE#:091000013102009 EED:250926   IND ID:ACH6725725                   IND NAME:ICAR LIFESTYLE TRN: 2693102009TC",-235.00,ACH_DEBIT,101739.77,,
CREDIT,09/26/2025,"FEDWIRE CREDIT VIA: REGIONS BANK/062005690 B/O: LENDBUZZ FUNDING LLC BOSTON MA 02110 REF: CHASE NYC/CTR/BNF=ATTITUDE D LLC ARCADIA CA 91007-2839 US/AC-000000009 120 RFB=NOTPROVIDED OBI=/URI/7SAYGD EEXPA147089 : 2037610 BBI=/ACC/4416 50X2037610 IMAD: 0926F2QCZ00C004271 TRN: 1219651269FF",22759.00,WIRE_INCOMING,101974.77,,
CREDIT,09/25/2025,"Zelle payment from JIEYUN ZHANG BACktunizl03",1000.00,PARTNERFI_TO_CHASE,79215.77,,
CREDIT,09/25/2025,"Zelle payment from LINJUN ZHENG BACi23ivh1n3",1000.00,PARTNERFI_TO_CHASE,78215.77,,
CREDIT,09/25/2025,"ORIG CO NAME:IRS  TREAS 310         ORIG ID:9101036151 DESC DATE:092525 CO ENTRY DESCR:  MISC PAYSEC:CTX    TRACE#:101036152576222 EED:250925   IND ID:921276656200900              IND NAME:0006ATTITUDE D LLC TRN: 2682576222TC",4000.00,ACH_CREDIT,77215.77,,
DSLIP,09/25/2025,"DEPOSIT  ID NUMBER 889777",10000.00,DEPOSIT,73215.77,,
DEBIT,09/24/2025,"ONLINE DOMESTIC WIRE TRANSFER A/C: TODO VISION TRADING INC MONTEREY PARK CA 91755-4110 US REF: GLS G63 TRN: 3415165267ES 09/24",-9132.00,WIRE_OUTGOING,63215.77,,
DEBIT,09/24/2025,"ONLINE DOMESTIC WIRE TRANSFER VIA: GBC INTL BANK LA/122235902 A/C: JTE GLOBAL AZUSA CA 91702 US IMAD: 0924MMQFMP2K020418 TRN: 3296775267ES 09/24",-17000.00,WIRE_OUTGOING,72347.77,,
DEBIT,09/24/2025,"Zelle payment to ivy 26335605508",-3700.00,QUICKPAY_DEBIT,89347.77,,
DEBIT,09/23/2025,"Zelle payment to lei liu JPM99boalirc",-520.00,CHASE_TO_PARTNERFI,93047.77,,
DEBIT,09/23/2025,"Zelle payment to Ovis JPM99boakyh8",-300.00,CHASE_TO_PARTNERFI,93567.77,,
DEBIT,09/23/2025,"Online Transfer to CHK ...9383 transaction#: 26321478518 09/23",-975.00,ACCT_XFER,93867.77,,
DEBIT,09/23/2025,"CENTRALDISPATCH.COM 858-259-6084 NY          09/22",-139.95,DEBIT_CARD,94842.77,,
DEBIT,09/23/2025,"CENTRALDISPATCH.COM 858-259-6084 NY          09/22",-199.95,DEBIT_CARD,94982.72,,
CREDIT,09/23/2025,"ORIG CO NAME: MANHEIM US            ORIG ID:1582577037 DESC DATE:       CO ENTRY DESCR:ACH PAYMNTSEC:CCD    TRACE#:091000011874732 EED:250923   IND ID:17574900                     IND NAME:ICAR LIFESTYLE                                                                                               5965538 TRN: 2661874732TC",130.00,ACH_CREDIT,95182.67,,
DEBIT,09/22/2025,"Zelle payment to ardvin 26316773210",-700.00,QUICKPAY_DEBIT,95052.67,,
DEBIT,09/22/2025,"ORIG CO NAME:Dealertrack            ORIG ID:4013137ZST DESC DATE:250922 CO ENTRY DESCR:PURCHASE  SEC:CCD    TRACE#:122043487357987 EED:250922   IND ID:137303275                    IND NAME:Icar Lifestyle Icar Li                                                                                       9163685303 TRN: 2657357987TC",-27571.34,ACH_DEBIT,95752.67,,
DEBIT,09/22/2025,"ORIG CO NAME:Westlake Floorin       ORIG ID:1352426469 DESC DATE:091925 CO ENTRY DESCR:PAYABLES  SEC:CCD    TRACE#:122232106827731 EED:250922   IND ID:100499447                    IND NAME:ICAR Lifestyle             100499447 ,ICAR Lifestyle      ,VIN :5YJYGDEE1MF093628 ,2021-Tesla-Mode el Y      DYNAMIC EFT TRN: 2656827731TC",-27207.40,ACH_DEBIT,123324.01,,
CREDIT,09/22/2025,"Zelle payment from ZHOU XINHE BACnuvjy6brl",300.00,PARTNERFI_TO_CHASE,150531.41,,
CREDIT,09/22/2025,"Zelle payment from ICAR EXOTICS 26320363023",700.00,QUICKPAY_CREDIT,150231.41,,
DSLIP,09/22/2025,"REMOTE ONLINE DEPOSIT #          1",7546.00,CHECK_DEPOSIT,149531.41,1,
DEBIT,09/19/2025,"Zelle payment to t JPM99bnrev6g",-1300.00,CHASE_TO_PARTNERFI,141985.41,,
CREDIT,09/19/2025,"Zelle payment from XIAO WEI BBQ INC BACoyrprnomd",20.00,PARTNERFI_TO_CHASE,143285.41,,
CREDIT,09/19/2025,"Zelle payment from MANWEI TSENG BACqz1k9tznm",200.00,PARTNERFI_TO_CHASE,143265.41,,
CREDIT,09/19/2025,"Zelle payment from SIXUAN LAO BACh49dls4q9",1000.00,PARTNERFI_TO_CHASE,143065.41,,
DEBIT,09/18/2025,"Zelle payment to sgv 26270704374",-85.00,QUICKPAY_DEBIT,142065.41,,
DEBIT,09/18/2025,"ORIG CO NAME:Dealertrack            ORIG ID:4013137ZST DESC DATE:250918 CO ENTRY DESCR:PURCHASE  SEC:CCD    TRACE#:122043482195124 EED:250918   IND ID:137236104                    IND NAME:Icar Lifestyle Icar Li                                                                                       9163685303 TRN: 2612195124TC",-23020.94,ACH_DEBIT,142150.41,,
DEBIT,09/18/2025,"CENTRALDISPATCH.COM 858-259-6084 NY          09/17",-60.00,DEBIT_CARD,165171.35,,
CREDIT,09/18/2025,"ORIG CO NAME:WESTLAKE FINANCI       ORIG ID:2272814169 DESC DATE:091725 CO ENTRY DESCR:PAYABLES  SEC:PPD    TRACE#:091000011776939 EED:250918   IND ID:                             IND NAME:ATTITUDE D LLC TRN: 2611776939TC",20391.88,ACH_CREDIT,165231.35,,
CREDIT,09/18/2025,"BOOK TRANSFER CREDIT B/O: PERIMETER LLC CHINO HILLS CA 91709-4664 US TRN: 3506475261ES",26173.00,WIRE_INCOMING,144839.47,,
CHECK,09/17/2025,"CHECK 1087  ",-4200.00,CHECK_PAID,118666.47,1087,
DEBIT,09/17/2025,"ORIG CO NAME:Westlake Floorin       ORIG ID:1352426469 DESC DATE:091625 CO ENTRY DESCR:PAYABLES  SEC:CCD    TRACE#:122232105427834 EED:250917   IND ID:100499447                    IND NAME:ICAR Lifestyle             100499447 ,ICAR Lifestyle      ,VIN :5UXTA6C09P9R38298 ,2023-BMW-X5               DYNAMIC EFT TRN: 2605427834TC",-40800.36,ACH_DEBIT,122866.47,,
DEBIT,09/17/2025,"ORIG CO NAME:MANHEIM                ORIG ID:1581936030 DESC DATE:       CO ENTRY DESCR:ACH PAYMNTSEC:CCD    TRACE#:091000014790890 EED:250917   IND ID:ACH6695543                   IND NAME:ICAR LIFESTYLE             INV#3357223   \5512120    WA1BNAFY5 K205325719AUDI Q5 TRN: 2604790890TC",-155.00,ACH_DEBIT,163666.83,,
CREDIT,09/17/2025,"ORIG CO NAME: MANHEIM US            ORIG ID:1582577037 DESC DATE:       CO ENTRY DESCR:ACH PAYMNTSEC:CCD    TRACE#:091000013457742 EED:250917   IND ID:17542866                     IND NAME:ICAR LIFESTYLE                                                                                               5960745 TRN: 2603457742TC",48570.00,ACH_CREDIT,163821.83,,
DSLIP,09/17/2025,"DEPOSIT  ID NUMBER 311552",71050.00,DEPOSIT,115251.83,,
DEBIT,09/16/2025,"ORIG CO NAME:NEXTGEAR PAYMENT       ORIG ID:1260401907 DESC DATE:091525 CO ENTRY DESCR:PAYMENT   SEC:CCD    TRACE#:091000019609195 EED:250916   IND ID:155929                       IND NAME:ICAR LIFESTYLE TRN: 2599609195TC",-65490.96,ACH_DEBIT,44201.83,,
CREDIT,09/16/2025,"Zelle payment from YUANZHE CAO BACbzf5qr6n1",1600.00,PARTNERFI_TO_CHASE,109692.79,,
CREDIT,09/16/2025,"ORIG CO NAME:IRS  TREAS 310         ORIG ID:9101036151 DESC DATE:091625 CO ENTRY DESCR:  MISC PAYSEC:CTX    TRACE#:101036155770200 EED:250916   IND ID:921276656200900              IND NAME:0006ATTITUDE D LLC TRN: 2595770200TC",4000.00,ACH_CREDIT,108092.79,,
CREDIT,09/16/2025,"BOOK TRANSFER CREDIT B/O: PERIMETER LLC CHINO HILLS CA 91709-4664 US TRN: 3655635259ES",35975.00,WIRE_INCOMING,104092.79,,
DEBIT,09/15/2025,"Zelle payment to tsl3 JPM99bnek79a",-500.00,CHASE_TO_PARTNERFI,68117.79,,
DEBIT,09/15/2025,"Zelle payment to wsc 26234414293",-700.00,QUICKPAY_DEBIT,68617.79,,
DEBIT,09/15/2025,"ORIG CO NAME:IRS                    ORIG ID:3387702000 DESC DATE:091525 CO ENTRY DESCR:USATAXPYMTSEC:CCD    TRACE#:061036018257954 EED:250915   IND ID:223565860331070              IND NAME:CEO ATTITUDE D LLC TRN: 2588257954TC",-192.00,ACH_DEBIT,69317.79,,
DEBIT,09/15/2025,"ORIG CO NAME:IRS                    ORIG ID:3387702000 DESC DATE:091525 CO ENTRY DESCR:USATAXPYMTSEC:CCD    TRACE#:061036018257952 EED:250915   IND ID:223565841968779              IND NAME:CEO ATTITUDE D LLC TRN: 2588257952TC",-3926.19,ACH_DEBIT,69509.79,,
DEBIT,09/15/2025,"ORIG CO NAME:EMPLOYMENT DEVEL       ORIG ID:2282533055 DESC DATE:091225 CO ENTRY DESCR:EDD EFTPMTSEC:CCD    TRACE#:042000010233586 EED:250915   IND ID:1658892000                   IND NAME:ICAR LIFESTYLE                                                                                               PAYMENT TRN: 2580233586TC",-184.86,ACH_DEBIT,73435.98,,
DEBIT,09/15/2025,"ORIG CO NAME:EMPLOYMENT DEVEL       ORIG ID:2282533055 DESC DATE:091225 CO ENTRY DESCR:EDD EFTPMTSEC:CCD    TRACE#:042000010234156 EED:250915   IND ID:527486688                    IND NAME:ICAR LIFESTYLE                                                                                               PAYMENT TRN: 2580234156TC",-1244.66,ACH_DEBIT,73620.84,,
DEBIT,09/15/2025,"ORIG CO NAME:NEXTGEAR PAYMENT       ORIG ID:1260401907 DESC DATE:091225 CO ENTRY DESCR:PAYMENT   SEC:CCD    TRACE#:091000011081122 EED:250915   IND ID:155929                       IND NAME:ICAR LIFESTYLE TRN: 2581081122TC",-42134.47,ACH_DEBIT,74865.50,,
CREDIT,09/15/2025,"Zelle payment from QI YIN BACc54e1xnxj",500.00,PARTNERFI_TO_CHASE,116999.97,,
CREDIT,09/15/2025,"BOOK TRANSFER CREDIT B/O: PERIMETER LLC CHINO HILLS CA 91709-4664 US TRN: 3172245258ES",19495.00,WIRE_INCOMING,116499.97,,
CREDIT,09/15/2025,"BOOK TRANSFER CREDIT B/O: KEYBANK NATIONAL ASSOCIATION CLEVELAND OH 44114- US ORG:/761012064694 1/VIRGINIA MARTINEZ OGB: ABA/041001039 KEYBANK NATIONAL ASSOCIATION REF:/URI/PURCHASE A CAR/CHGS/USD0,00/INS/ABA/041001039KEY TRN: 0446671258EZ",28600.00,WIRE_INCOMING,97004.97,,
DEBIT,09/12/2025,"ORIG CO NAME:NEXTGEAR PAYMENT       ORIG ID:1260401907 DESC DATE:091125 CO ENTRY DESCR:PAYMENT   SEC:CCD    TRACE#:091000013401934 EED:250912   IND ID:155929                       IND NAME:ICAR LIFESTYLE TRN: 2553401934TC",-179.73,ACH_DEBIT,68404.97,,
CREDIT,09/12/2025,"BOOK TRANSFER CREDIT B/O: ZIJIE JIANG POMPANO BEACH FL 33060-6647 US TRN: 3791935255ES",50000.00,WIRE_INCOMING,68584.70,,
CHECK,09/11/2025,"CHECK 1068  ",-98.00,CHECK_PAID,18584.70,1068,
CHECK,09/11/2025,"CHECK 1086  ",-23664.81,CHECK_PAID,18682.70,1086,
DEBIT,09/11/2025,"WITHDRAWAL 09/11",-500.00,MISC_DEBIT,42347.51,,
DEBIT,09/11/2025,"Zelle payment to wsc 26185779913",-1340.00,QUICKPAY_DEBIT,42847.51,,
DEBIT,09/11/2025,"Zelle payment to Stacic INC 26185051467",-1200.00,QUICKPAY_DEBIT,44187.51,,
DEBIT,09/10/2025,"ORIG CO NAME:AMERICAN EXPRESS       ORIG ID:9493560001 DESC DATE:250910 CO ENTRY DESCR:ACH PMT   SEC:CCD    TRACE#:021000021316267 EED:250910   IND ID:A7158                        IND NAME:SHANGQI LI                                                                                                   AM TRN: 2531316267TC",-9942.22,ACH_DEBIT,45387.51,,
DEBIT,09/10/2025,"Zelle payment to haiwei wang JPM99bmrnl4h",-500.00,CHASE_TO_PARTNERFI,55329.73,,
DEBIT,09/10/2025,"ORIG CO NAME:TSYS/TRANSFIRST        ORIG ID:WFBTRANSF1 DESC DATE:250831 CO ENTRY DESCR:MERCH FEESSEC:CCD    TRACE#:043305138331556 EED:250910   IND ID:543684556033333              IND NAME:ICAR LIFESTYLE TRN: 2538331556TC",-119.42,ACH_DEBIT,55829.73,,
DEBIT,09/10/2025,"Zelle payment to clean JPM99bmok3m6",-150.00,CHASE_TO_PARTNERFI,55949.15,,
CREDIT,09/10/2025,"ORIG CO NAME:TSYS/TRANSFIRST        ORIG ID:WFBTRANSF1 DESC DATE:250909 CO ENTRY DESCR:CR CD DEP SEC:CCD    TRACE#:043305132200015 EED:250910   IND ID:543684556033333              IND NAME:ICAR LIFESTYLE             5436845560333337ICAR LIFESTYLE            CR CD DEP 091025 TRN: 2532200015TC",1.00,ACH_CREDIT,56099.15,,
CREDIT,09/10/2025,"Zelle payment from WANYI WU 26178753607",2000.00,QUICKPAY_CREDIT,56098.15,,
DEBIT,09/09/2025,"Zelle payment to fuhu JPM99bml16rv",-580.00,CHASE_TO_PARTNERFI,54098.15,,
CREDIT,09/09/2025,"Zelle payment from HAIWEI WANG BACag7finjdg",500.00,PARTNERFI_TO_CHASE,54678.15,,
CREDIT,09/09/2025,"ORIG CO NAME:WESTLAKE FINANCI       ORIG ID:2272814169 DESC DATE:090825 CO ENTRY DESCR:PAYABLES  SEC:PPD    TRACE#:091000013695137 EED:250909   IND ID:                             IND NAME:ATTITUDE D LLC TRN: 2523695137TC",16446.72,ACH_CREDIT,54178.15,,
DEBIT,09/08/2025,"Zelle payment to A star 26153952545",-2720.00,QUICKPAY_DEBIT,37731.43,,
DEBIT,09/08/2025,"Zelle payment to GREGORY 26153458678",-200.00,QUICKPAY_DEBIT,40451.43,,
DEBIT,09/08/2025,"Zelle payment to harv JPM99bmdw80m",-240.00,CHASE_TO_PARTNERFI,40651.43,,
DEBIT,09/08/2025,"Zelle payment to xiaoweibbq JPM99bmdnghw",-1100.00,CHASE_TO_PARTNERFI,40891.43,,
DEBIT,09/08/2025,"Zelle payment to Ovis JPM99bmd2hd8",-140.00,CHASE_TO_PARTNERFI,41991.43,,
DEBIT,09/08/2025,"Zelle payment to fuhu JPM99bmcqao3",-680.00,CHASE_TO_PARTNERFI,42131.43,,
DEBIT,09/08/2025,"Zelle payment to peiweiyu JPM99bmchm2q",-500.00,CHASE_TO_PARTNERFI,42811.43,,
DEBIT,09/08/2025,"85C BAKERY CAFE USA ARCADIA CA               09/06",-31.00,DEBIT_CARD,43311.43,,
DEBIT,09/08/2025,"Zelle payment to xu JPM99bm7dlxj",-600.00,CHASE_TO_PARTNERFI,43342.43,,
CREDIT,09/08/2025,"ORIG CO NAME:WESTLAKE FINANCI       ORIG ID:2272814169 DESC DATE:090525 CO ENTRY DESCR:PAYABLES  SEC:PPD    TRACE#:091000018828137 EED:250908   IND ID:                             IND NAME:ATTITUDE D LLC TRN: 2518828137TC",23157.76,ACH_CREDIT,43942.43,,
CHECK,09/05/2025,"CHECK 1069  ",-5.00,CHECK_PAID,20784.67,1069,
DEBIT,09/05/2025,"Zelle payment to robe 26120538819",-920.00,QUICKPAY_DEBIT,20789.67,,
DEBIT,09/05/2025,"Zelle payment to GTN 26116770318",-2200.00,QUICKPAY_DEBIT,21709.67,,
DEBIT,09/05/2025,"ORIG CO NAME:Westlake Floorin       ORIG ID:1352426469 DESC DATE:090425 CO ENTRY DESCR:PAYABLES  SEC:CCD    TRACE#:122232106403931 EED:250905   IND ID:100499447                    IND NAME:ICAR Lifestyle             100499447 ,ICAR Lifestyle      ,Aud it Fee 2025/08/07 00:00:00.000                DYNAMIC EFT TRN: 2486403931TC",-125.00,ACH_DEBIT,23909.67,,
DEBIT,09/05/2025,"ORIG CO NAME:Westlake Floorin       ORIG ID:1352426469 DESC DATE:090425 CO ENTRY DESCR:PAYABLES  SEC:CCD    TRACE#:122232106403899 EED:250905   IND ID:100499447                    IND NAME:ICAR Lifestyle             100499447 ,ICAR Lifestyle      ,VIN :WDC0G8EB9LF724740 ,2020-Mercedes-B Benz-GLC  DYNAMIC EFT TRN: 2486403899TC",-22148.66,ACH_DEBIT,24034.67,,
DEBIT,09/05/2025,"ORIG CO NAME:Westlake Floorin       ORIG ID:1352426469 DESC DATE:090425 CO ENTRY DESCR:PAYABLES  SEC:CCD    TRACE#:122232106403867 EED:250905   IND ID:100499447                    IND NAME:ICAR Lifestyle             100499447 ,ICAR Lifestyle      ,VIN :5YJYGAEE1MF151087 ,2021-Tesla-Mode el Y      DYNAMIC EFT TRN: 2486403867TC",-25081.71,ACH_DEBIT,46183.33,,
DEBIT,09/05/2025,"ORIG CO NAME:Westlake Floorin       ORIG ID:1352426469 DESC DATE:090425 CO ENTRY DESCR:PAYABLES  SEC:CCD    TRACE#:122232106403869 EED:250905   IND ID:100499447                    IND NAME:ICAR Lifestyle             100499447 ,ICAR Lifestyle      ,VIN :5YJYGDEF5LF002061 ,2020-Tesla-Mode el Y      DYNAMIC EFT TRN: 2486403869TC",-25522.19,ACH_DEBIT,71265.04,,
DEBIT,09/05/2025,"ORIG CO NAME:CARFAX                 ORIG ID:1251465303 DESC DATE:090425 CO ENTRY DESCR:BT0904    SEC:CCD    TRACE#:111000021157487 EED:250905   IND ID:000000334316627              IND NAME:Attitude D llc                                                                                               CARFAX TRN: 2481157487TC",-1248.00,ACH_DEBIT,96787.23,,
CREDIT,09/05/2025,"Zelle payment from MENGFEI LIU BACt9llvegk8",100.00,PARTNERFI_TO_CHASE,98035.23,,
CREDIT,09/05/2025,"Zelle payment from GREGORY Z GHARIB 26119525444",200.00,QUICKPAY_CREDIT,97935.23,,
CREDIT,09/05/2025,"Zelle payment from NA LIN BACzwk78q7ah",500.00,PARTNERFI_TO_CHASE,97735.23,,
DEBIT,09/04/2025,"SERVICE CHARGES FOR THE MONTH OF AUGUST",-352.00,FEE_TRANSACTION,97235.23,,
CHECK,09/04/2025,"CHECK 1077  ",-22000.00,CHECK_PAID,97587.23,1077,
DEBIT,09/04/2025,"Zelle payment to xiaoweibbq JPM99blwj11i",-200.00,CHASE_TO_PARTNERFI,119587.23,,
CREDIT,09/04/2025,"ORIG CO NAME:IRS  TREAS 310         ORIG ID:9101036151 DESC DATE:090425 CO ENTRY DESCR:  MISC PAYSEC:CTX    TRACE#:101036153827294 EED:250904   IND ID:921276656200900              IND NAME:0006ATTITUDE D LLC TRN: 2473827294TC",8000.00,ACH_CREDIT,119787.23,,
DSLIP,09/04/2025,"DEPOSIT  ID NUMBER 939963",37889.72,DEPOSIT,111787.23,,
CREDIT,09/04/2025,"BOOK TRANSFER CREDIT B/O: PERIMETER LLC CHINO HILLS CA 91709-4664 US TRN: 3138255247ES",27045.00,WIRE_INCOMING,73897.51,,
CHECK,09/03/2025,"CHECK 1078  ",-437.52,CHECK_PAID,46852.51,1078,
DEBIT,09/03/2025,"Zelle payment to ch JPM99blv9mun",-60.00,CHASE_TO_PARTNERFI,47290.03,,
DEBIT,09/03/2025,"Zelle payment to ch JPM99blv8o4h",-287.00,CHASE_TO_PARTNERFI,47350.03,,
DEBIT,09/03/2025,"ORIG CO NAME:CA DEPT TAX FEE        ORIG ID:2822162215 DESC DATE:250902 CO ENTRY DESCR:CDTFA EPMTSEC:CCD    TRACE#:042000013179235 EED:250903   IND ID:22102017                     IND NAME:ICAR LIFESTYLE TRN: 2463179235TC",-7308.35,ACH_DEBIT,47637.03,,
CHECK,09/03/2025,"CHECK 1080  ",-4345.02,CHECK_PAID,54945.38,1080,
CREDIT,09/03/2025,"ORIG CO NAME:INTUIT 54190463        ORIG ID:4462800242 DESC DATE:250903 CO ENTRY DESCR:TAX       SEC:CCD    TRACE#:111000023337652 EED:250903   IND ID:                             IND NAME:ATTITUDE D LLC TRN: 2463337652TC",352.86,ACH_CREDIT,59290.40,,
CREDIT,09/03/2025,"ORIG CO NAME:NEXTGEAR FUNDING       ORIG ID:1201990165 DESC DATE:090225 CO ENTRY DESCR:FUNDING   SEC:CCD    TRACE#:091000014585445 EED:250903   IND ID:155929                       IND NAME:ICAR LIFESTYLE TRN: 2464585445TC",38800.00,ACH_CREDIT,58937.54,,
CHECK,09/02/2025,"CHECK 1083  ",-2064.05,CHECK_PAID,20137.54,1083,
CHECK,09/02/2025,"CHECK 1082  ",-3280.76,CHECK_PAID,22201.59,1082,
CHECK,09/02/2025,"CHECK 1073  ",-10300.00,CHECK_PAID,25482.35,1073,
CHECK,09/02/2025,"CHECK 1081  ",-2832.58,CHECK_PAID,35782.35,1081,
DEBIT,09/02/2025,"Zelle payment to Icar 26081556196",-5246.70,QUICKPAY_DEBIT,38614.93,,
DEBIT,09/02/2025,"Zelle payment to norkis JPM99blpi62b",-100.00,CHASE_TO_PARTNERFI,43861.63,,
DEBIT,09/02/2025,"Zelle payment to noel JPM99blphszy",-1000.00,CHASE_TO_PARTNERFI,43961.63,,
DEBIT,09/02/2025,"Zelle payment to harv JPM99blmpaop",-180.00,CHASE_TO_PARTNERFI,44961.63,,
DEBIT,09/02/2025,"Zelle payment to Icar 25682929394",-2500.00,QUICKPAY_DEBIT,45141.63,,
DEBIT,09/02/2025,"ORIG CO NAME:NEXTGEAR PAYMENT       ORIG ID:1260401907 DESC DATE:082925 CO ENTRY DESCR:PAYMENT   SEC:CCD    TRACE#:091000019749589 EED:250902   IND ID:155929                       IND NAME:ICAR LIFESTYLE TRN: 2459749589TC",-62326.63,ACH_DEBIT,47641.63,,
CREDIT,09/02/2025,"Zelle payment from ICAR EXOTICS 26080224917",2000.00,QUICKPAY_CREDIT,109968.26,,
DSLIP,09/02/2025,"DEPOSIT  ID NUMBER 913044",9000.00,DEPOSIT,107968.26,,
CREDIT,09/02/2025,"FEDWIRE CREDIT VIA: BANK OF AMERICA, N.A./026009593 B/O: 1/ZHENG LIAN 3/US/FLUSHING, NY 11355 4342 REF: CHASE NYC/CTR/BNF=ATTITUDE D LLC ARCADIA CA 91007-2839 US/AC-000000009 120 RFB=NOTPROVIDED BBI=/CHGS/USD0, 00/ACC/MODEL 3 IMAD: 0902B6B7HU1R006686 TRN: 0165681245FF",19766.00,WIRE_INCOMING,98968.26,,
CREDIT,09/02/2025,"ATM CASH DEPOSIT 09/02 60 E HUNTINGTON DR ARCADIA CA",4040.00,ATM,79202.26,,
CHECK,08/29/2025,"CHECK 1063  ",-5501.01,CHECK_PAID,75162.26,1063,
DEBIT,08/29/2025,"Zelle payment to ch JPM99bl943s4",-723.00,CHASE_TO_PARTNERFI,80663.27,,
CREDIT,08/29/2025,"ORIG CO NAME:NEXTGEAR FUNDING       ORIG ID:1201990165 DESC DATE:082825 CO ENTRY DESCR:FUNDING   SEC:CCD    TRACE#:091000014481949 EED:250829   IND ID:155929                       IND NAME:ICAR LIFESTYLE TRN: 2414481949TC",25500.00,ACH_CREDIT,81386.27,,
DEBIT,08/28/2025,"Zelle payment to A star 26014351320",-100.00,QUICKPAY_DEBIT,55886.27,,
DEBIT,08/28/2025,"COSTCO WHSE #0412 AZUSA CA           368876  08/28",-149.93,DEBIT_CARD,55986.27,,
DEBIT,08/28/2025,"ORIG CO NAME:IPFS866-412-6739       ORIG ID:0AD2424370 DESC DATE:       CO ENTRY DESCR:IPFSPMTWASSEC:CCD    TRACE#:101000012689499 EED:250828   IND ID:561402                       IND NAME:ATTITUDE D LLC                                                                                               GDxLk2vV TRN: 2402689499TC",-837.88,ACH_DEBIT,56136.20,,
CREDIT,08/28/2025,"BOOK TRANSFER CREDIT B/O: PERIMETER LLC CHINO HILLS CA 91709-4664 US TRN: 3038675240ES",35267.00,WIRE_INCOMING,56974.08,,
CHECK,08/27/2025,"CHECK 1074  ",-3850.00,CHECK_PAID,21707.08,1074,
DEBIT,08/27/2025,"Zelle payment to Ovis JPM99bkxoi0p",-120.00,CHASE_TO_PARTNERFI,25557.08,,
DEBIT,08/27/2025,"ORIG CO NAME:NOWCOM, LLC            ORIG ID:1911718107 DESC DATE:       CO ENTRY DESCR:DEALERCNTRSEC:CCD    TRACE#:104000012927533 EED:250827   IND ID:M121202055829                IND NAME:ATTITUDE D LLC TRN: 2392927533TC",-796.84,ACH_DEBIT,25677.08,,
DEBIT,08/27/2025,"ORIG CO NAME:CA DEPT TAX FEE        ORIG ID:2822162215 DESC DATE:250826 CO ENTRY DESCR:CDTFA EPMTSEC:CCD    TRACE#:042000018075591 EED:250827   IND ID:22170987                     IND NAME:ICAR LIFESTYLE TRN: 2398075591TC",-10072.09,ACH_DEBIT,26473.92,,
DEBIT,08/27/2025,"ORIG CO NAME:NEXTGEAR PAYMENT       ORIG ID:1260401907 DESC DATE:082625 CO ENTRY DESCR:PAYMENT   SEC:CCD    TRACE#:091000017730874 EED:250827   IND ID:155929                       IND NAME:ICAR LIFESTYLE TRN: 2397730874TC",-60166.59,ACH_DEBIT,36546.01,,
DSLIP,08/27/2025,"DEPOSIT  ID NUMBER 913109",3000.00,DEPOSIT,96712.60,,
DEBIT,08/26/2025,"ONLINE DOMESTIC WIRE TRANSFER VIA: GBC INTL BANK LA/122235902 A/C: JTE GLOBAL AZUSA CA 91702 US IMAD: 0826MMQFMP2M030146 TRN: 3648515238ES 08/26",-4700.88,WIRE_OUTGOING,93712.60,,
DEBIT,08/26/2025,"Zelle payment to Ovis JPM99bku009a",-220.00,CHASE_TO_PARTNERFI,98413.48,,
DEBIT,08/26/2025,"Zelle payment to Maggie JPM99bkt82om",-800.00,CHASE_TO_PARTNERFI,98633.48,,
DEBIT,08/26/2025,"ORIG CO NAME:Elite Warranty         ORIG ID:1201681064 DESC DATE:       CO ENTRY DESCR:Service   SEC:WEB    TRACE#:242071756051601 EED:250826   IND ID:                             IND NAME:iCar Lifestyle                                                                                               8014897288 TRN: 2386051601TC",-975.00,ACH_DEBIT,99433.48,,
DEBIT,08/26/2025,"Zelle payment to angel JPM99bks9649",-100.00,CHASE_TO_PARTNERFI,100408.48,,
CREDIT,08/26/2025,"BOOK TRANSFER CREDIT B/O: HAIRONG TIAN AZUSA CA 91702-1580 US TRN: 3623325238ES",55975.16,WIRE_INCOMING,100508.48,,
DEBIT,08/25/2025,"Zelle payment to GTN 25977961564",-1100.00,QUICKPAY_DEBIT,44533.32,,
CHECK,08/25/2025,"CHECK 1075  ",-8536.70,CHECK_PAID,45633.32,1075,
DEBIT,08/25/2025,"WITHDRAWAL 08/25",-25500.00,MISC_DEBIT,54170.02,,
DEBIT,08/25/2025,"CENTRALDISPATCH.COM 858-259-6084 NY          08/22",-139.95,DEBIT_CARD,79670.02,,
DSLIP,08/25/2025,"DEPOSIT  ID NUMBER 278187",50000.00,DEPOSIT,79809.97,,
DEBIT,08/22/2025,"Zelle payment to Ovis JPM99bkdnpti",-130.00,CHASE_TO_PARTNERFI,29809.97,,
DEBIT,08/22/2025,"ONLINE DOMESTIC WIRE TRANSFER VIA: HSBC USA/021001088 A/C: YULING DING CHINO CA 91708 US REF: SL55 IMAD: 0822MMQFMP2L023387 TRN: 3470315234ES 08/22",-40420.00,WIRE_OUTGOING,29939.97,,
CHECK,08/22/2025,"CHECK 1072  ",-47000.00,CHECK_PAID,70359.97,1072,
CREDIT,08/22/2025,"ORIG CO NAME:Westlake Floorin       ORIG ID:1352426469 DESC DATE:082125 CO ENTRY DESCR:PAYABLES  SEC:CCD    TRACE#:122232106574625 EED:250822   IND ID:3285926                      IND NAME:ICAR Lifestyle             100499447 ,ICAR Lifestyle      ,VIN :5TDYZ3DC1LS038689 ,2020-TOYOTA-SIE ENNA FWD  DYNAMIC EFT TRN: 2346574625TC",33000.00,ACH_CREDIT,117359.97,,
DEBIT,08/21/2025,"Zelle payment to ch JPM99bk9qect",-1912.00,CHASE_TO_PARTNERFI,84359.97,,
DEBIT,08/21/2025,"Zelle payment to ch JPM99bk60ujd",-1256.00,CHASE_TO_PARTNERFI,86271.97,,
CHECK,08/20/2025,"CHECK 1067  ",-21098.99,CHECK_PAID,87527.97,1067,
DEBIT,08/20/2025,"ONLINE DOMESTIC WIRE TRANSFER VIA: HSBC USA/021001088 A/C: YULING DING CHINO CA 91708 US REF: SL 55 AMG 50000/90420 IMAD: 0820MMQFMP2K023727 TRN: 3391965232ES 08/20",-50000.00,WIRE_OUTGOING,108626.96,,
DEBIT,08/20/2025,"Zelle payment to hui tao JPM99bk25h6q",-1000.00,CHASE_TO_PARTNERFI,158626.96,,
CREDIT,08/19/2025,"Zelle payment from SHAMIL IANDARBAEV BACvbpos4jx5",2500.00,PARTNERFI_TO_CHASE,159626.96,,
CREDIT,08/19/2025,"Zelle payment from TAMILA MARGOEVA BACr21zkgqpg",3500.00,PARTNERFI_TO_CHASE,157126.96,,
DSLIP,08/19/2025,"DEPOSIT  ID NUMBER 913202",50000.00,DEPOSIT,153626.96,,
DEBIT,08/18/2025,"Zelle payment to redline JPM99bjpamrg",-25.00,CHASE_TO_PARTNERFI,103626.96,,
CHECK,08/18/2025,"CHECK 1065  ",-13823.64,CHECK_PAID,103651.96,1065,
DEBIT,08/18/2025,"ORIG CO NAME:SO CAL EDISON CO       ORIG ID:4951240335 DESC DATE:250814 CO ENTRY DESCR:BILL PAYMTSEC:WEB    TRACE#:091000012236326 EED:250818   IND ID:700521245914                 IND NAME:CHONG  YIN TRN: 2302236326TC",-9887.61,ACH_DEBIT,117475.60,,
CREDIT,08/18/2025,"Zelle payment from HUI TAO WFCT0Z5WTZK6",1000.00,PARTNERFI_TO_CHASE,127363.21,,
CREDIT,08/18/2025,"Zelle payment from TAMILA MARGOEVA BACcx616tiwn",3500.00,PARTNERFI_TO_CHASE,126363.21,,
CREDIT,08/18/2025,"Zelle payment from ICAR EXOTICS 25897556376",9166.30,QUICKPAY_CREDIT,122863.21,,
DEBIT,08/15/2025,"Zelle payment to redline JPM99bjlf8ck",-1084.00,CHASE_TO_PARTNERFI,113696.91,,
DEBIT,08/15/2025,"Zelle payment to Paint JPM99bjl9cri",-650.00,CHASE_TO_PARTNERFI,114780.91,,
DEBIT,08/15/2025,"WITHDRAWAL 08/15",-33000.00,MISC_DEBIT,115430.91,,
DEBIT,08/15/2025,"ORIG CO NAME:INTUIT 37710052        ORIG ID:4462800242 DESC DATE:250815 CO ENTRY DESCR:TAX       SEC:CCD    TRACE#:111000026650494 EED:250815   IND ID:18973767                     IND NAME:ATTITUDE D LLC TRN: 2276650494TC",-181.54,ACH_DEBIT,148430.91,,
DEBIT,08/15/2025,"ORIG CO NAME:INTUIT 47937825        ORIG ID:4462800242 DESC DATE:250815 CO ENTRY DESCR:TAX       SEC:CCD    TRACE#:111000026653758 EED:250815   IND ID:18973767                     IND NAME:ATTITUDE D LLC TRN: 2276653758TC",-429.02,ACH_DEBIT,148612.45,,
DEBIT,08/15/2025,"ORIG CO NAME:INTUIT 48397316        ORIG ID:4462800242 DESC DATE:250815 CO ENTRY DESCR:TAX       SEC:CCD    TRACE#:111000026646207 EED:250815   IND ID:18973767                     IND NAME:ATTITUDE D LLC TRN: 2276646207TC",-512.63,ACH_DEBIT,149041.47,,
DEBIT,08/15/2025,"ORIG CO NAME:INTUIT 67383842        ORIG ID:4462800242 DESC DATE:250815 CO ENTRY DESCR:PAYROLL   SEC:CCD    TRACE#:111000026533935 EED:250815   IND ID:18973767                     IND NAME:ATTITUDE D LLC TRN: 2276533935TC",-2064.05,ACH_DEBIT,149554.10,,
DEBIT,08/15/2025,"ORIG CO NAME:NEXTGEAR PAYMENT       ORIG ID:1260401907 DESC DATE:081425 CO ENTRY DESCR:PAYMENT   SEC:CCD    TRACE#:091000013197970 EED:250815   IND ID:155929                       IND NAME:ICAR LIFESTYLE TRN: 2273197970TC",-39050.05,ACH_DEBIT,151618.15,,
DEBIT,08/15/2025,"Online Transfer to CHK ...9383 transaction#: 25854692485 08/15",-600.00,ACCT_XFER,190668.20,,
DEBIT,08/15/2025,"Online Transfer to CHK ...9383 transaction#: 25854676809 08/15",-125.00,ACCT_XFER,191268.20,,
CREDIT,08/15/2025,"Zelle payment from MICHAEL T BONENFANT 25869478785",650.00,QUICKPAY_CREDIT,191393.20,,
CREDIT,08/15/2025,"Zelle payment from ZHENG LIAN BACwxiteu21n",1000.00,PARTNERFI_TO_CHASE,190743.20,,
CREDIT,08/15/2025,"ORIG CO NAME: MANHEIM US            ORIG ID:1582577037 DESC DATE:       CO ENTRY DESCR:ACH PAYMNTSEC:CCD    TRACE#:091000012346651 EED:250815   IND ID:17379974                     IND NAME:ICAR LIFESTYLE                                                                                               5933609 TRN: 2272346651TC",23000.00,ACH_CREDIT,189743.20,,
CREDIT,08/15/2025,"ORIG CO NAME:NEXTGEAR FUNDING       ORIG ID:1201990165 DESC DATE:081425 CO ENTRY DESCR:FUNDING   SEC:CCD    TRACE#:091000013308533 EED:250815   IND ID:155929                       IND NAME:ICAR LIFESTYLE TRN: 2273308533TC",64000.00,ACH_CREDIT,166743.20,,
DEBIT,08/14/2025,"ONLINE DOMESTIC WIRE TRANSFER A/C: TODO VISION TRADING INC MONTEREY PARK CA 91755-4110 US REF: ICAR ORDER GLS G63 TRN: 3513935226ES 08/14",-3915.00,WIRE_OUTGOING,102743.20,,
DSLIP,08/14/2025,"REMOTE ONLINE DEPOSIT #          1",14.00,CHECK_DEPOSIT,106658.20,1,
DSLIP,08/14/2025,"REMOTE ONLINE DEPOSIT #          1",43000.00,CHECK_DEPOSIT,106644.20,1,
DEBIT,08/13/2025,"Zelle payment to Marlon 25839827323",-280.00,QUICKPAY_DEBIT,63644.20,,
DEBIT,08/13/2025,"Zelle payment to wsc 25839516114",-580.00,QUICKPAY_DEBIT,63924.20,,
DEBIT,08/13/2025,"CA DMV LOS ANGELES BSC COVINA CA     534105  08/13",-46.00,DEBIT_CARD,64504.20,,
DEBIT,08/13/2025,"Zelle payment to cargoes JPM99bja97z1",-280.00,CHASE_TO_PARTNERFI,64550.20,,
DEBIT,08/13/2025,"ORIG CO NAME:NEXTGEAR PAYMENT       ORIG ID:1260401907 DESC DATE:081225 CO ENTRY DESCR:PAYMENT   SEC:CCD    TRACE#:091000018886686 EED:250813   IND ID:155929                       IND NAME:ICAR LIFESTYLE TRN: 2258886686TC",-41048.88,ACH_DEBIT,64830.20,,
DEBIT,08/13/2025,"Zelle payment to ch JPM99bj83ae6",-2047.00,CHASE_TO_PARTNERFI,105879.08,,
CREDIT,08/13/2025,"Zelle payment from ZIJIE JIANG 25841228871",457.00,QUICKPAY_CREDIT,107926.08,,
DSLIP,08/13/2025,"DEPOSIT  ID NUMBER 812641",33245.00,DEPOSIT,107469.08,,
DEBIT,08/11/2025,"ONLINE DOMESTIC WIRE TRANSFER A/C: YU-WEI CHEN LOS ANGELES CA 90015-4391 US REF: 2024 MODEL 3 747285 TRN: 3831285223ES 08/11",-28888.00,WIRE_OUTGOING,74224.08,,
DEBIT,08/11/2025,"Zelle payment to redline JPM99bj3hfft",-5.00,CHASE_TO_PARTNERFI,103112.08,,
DEBIT,08/11/2025,"Zelle payment to redline JPM99bj3g9zl",-10.00,CHASE_TO_PARTNERFI,103117.08,,
DEBIT,08/11/2025,"Zelle payment to Ovis JPM99bj2n5cf",-400.00,CHASE_TO_PARTNERFI,103127.08,,
DEBIT,08/11/2025,"ORIG CO NAME:AMERICAN EXPRESS       ORIG ID:9493560001 DESC DATE:250811 CO ENTRY DESCR:ACH PMT   SEC:CCD    TRACE#:021000020390250 EED:250811   IND ID:A0708                        IND NAME:SHANGQI LI                                                                                                   AM TRN: 2230390250TC",-5295.49,ACH_DEBIT,103527.08,,
CHECK,08/11/2025,"CHECK 1062  ",-12500.00,CHECK_PAID,108822.57,1062,
DEBIT,08/11/2025,"ORIG CO NAME:TSYS/TRANSFIRST        ORIG ID:WFBTRANSF1 DESC DATE:250731 CO ENTRY DESCR:MERCH FEESSEC:CCD    TRACE#:043305138096929 EED:250811   IND ID:543684556033333              IND NAME:ICAR LIFESTYLE TRN: 2238096929TC",-754.45,ACH_DEBIT,121322.57,,
CREDIT,08/11/2025,"ATM CHECK DEPOSIT 08/09 60 E HUNTINGTON DR ARCADIA CA",26873.72,ATM_DEPOSIT,122077.02,,
DEBIT,08/08/2025,"Zelle payment to yue JPM99bir79wg",-275.00,CHASE_TO_PARTNERFI,95203.30,,
DEBIT,08/08/2025,"Zelle payment to redline JPM99bir2x9r",-10.00,CHASE_TO_PARTNERFI,95478.30,,
DEBIT,08/08/2025,"Zelle payment to redline JPM99biqyh1q",-25.00,CHASE_TO_PARTNERFI,95488.30,,
DEBIT,08/08/2025,"Zelle payment to Ovis JPM99biq1j2c",-170.00,CHASE_TO_PARTNERFI,95513.30,,
DEBIT,08/08/2025,"Zelle payment to Ovis JPM99bimlhtb",-300.00,CHASE_TO_PARTNERFI,95683.30,,
DEBIT,08/07/2025,"ORIG CO NAME:Westlake Floorin       ORIG ID:1352426469 DESC DATE:080625 CO ENTRY DESCR:PAYABLES  SEC:CCD    TRACE#:122232103036883 EED:250807   IND ID:100499447                    IND NAME:ICAR Lifestyle             100499447 ,ICAR Lifestyle      ,VIN :7G2CEHED9RA023584 ,2024-Tesla-Cybe ertruck   DYNAMIC EFT TRN: 2193036883TC",-55747.28,ACH_DEBIT,95983.30,,
CREDIT,08/07/2025,"Zelle payment from MENGFEI LIU 25772204977",80.00,QUICKPAY_CREDIT,151730.58,,
CREDIT,08/07/2025,"Zelle payment from KATHERINE L SWANNER 25770137108",1000.00,QUICKPAY_CREDIT,151650.58,,
DSLIP,08/07/2025,"REMOTE ONLINE DEPOSIT #          1",22800.00,CHECK_DEPOSIT,150650.58,1,
CREDIT,08/07/2025,"FEDWIRE CREDIT VIA: REGIONS BANK/062005690 B/O: LENDBUZZ FUNDING WIRES ACCOUNT BOSTON MA 02110 REF: CHASE NYC/CTR/BNF=ATTITUDE D LLC ARCADIA CA 91007-2839 US/AC-000000009 120 RFB=NOTPROVIDED OBI=/URI/5UX23E U05R9T85179 : 1906049 BBI=/ACC/4185 16X1906049 IMAD: 0807F2QCZ00C003744 TRN: 1117271219FF",39934.00,WIRE_INCOMING,127850.58,,
DEBIT,08/06/2025,"Zelle payment to wsc 25758575677",-600.00,QUICKPAY_DEBIT,87916.58,,
DEBIT,08/06/2025,"ONLINE DOMESTIC WIRE TRANSFER A/C: YUXUE TRANSPORT LLC MONROVIA CA 91016-4407 US REF: REFUND CAR DEPOSIT TRN: 3462145218ES 08/06",-12514.00,WIRE_OUTGOING,88516.58,,
DEBIT,08/06/2025,"Zelle payment to wsc 25754493296",-1220.00,QUICKPAY_DEBIT,101030.58,,
DEBIT,08/06/2025,"ORIG CO NAME:Westlake Floorin       ORIG ID:1352426469 DESC DATE:080525 CO ENTRY DESCR:PAYABLES  SEC:CCD    TRACE#:122232105000087 EED:250806   IND ID:100499447                    IND NAME:ICAR Lifestyle             100499447 ,ICAR Lifestyle      ,VIN :4T3MWRFV9RU146753 ,2024-Toyota-RAV V4        DYNAMIC EFT TRN: 2185000087TC",-32351.95,ACH_DEBIT,102250.58,,
DEBIT,08/06/2025,"ORIG CO NAME:CARFAX                 ORIG ID:1251465303 DESC DATE:080525 CO ENTRY DESCR:BT0805    SEC:CCD    TRACE#:111000024038901 EED:250806   IND ID:000000331660919              IND NAME:Attitude D llc                                                                                               CARFAX TRN: 2184038901TC",-1249.58,ACH_DEBIT,134602.53,,
DEBIT,08/05/2025,"SERVICE CHARGES FOR THE MONTH OF JULY",-95.00,FEE_TRANSACTION,135852.11,,
DEBIT,08/05/2025,"Zelle payment to crs 25748982548",-500.00,QUICKPAY_DEBIT,135947.11,,
CHECK,08/05/2025,"CHECK 1060  ",-6655.00,CHECK_PAID,136447.11,1060,
DEBIT,08/05/2025,"ONLINE DOMESTIC WIRE TRANSFER VIA: BK HAPOALIM NYC/026008866 A/C: LENDBUZZ FUNDING LLC BOSTON MA 02110 US REF: LOAN ID 496582-581461 SHUSHUAI CHEN, PAYOFF BY ICAR LIFESTYLE IMAD: 0805MMQFMP2K026339 TRN: 3555005217ES 08/05",-19165.32,WIRE_OUTGOING,143102.11,,
DEBIT,08/05/2025,"ONLINE DOMESTIC WIRE TRANSFER VIA: F121000358/121000358 A/C: JING ZHANG SF CA 94131 US REF: IS300/TIME/18:32 IMAD: 0805MMQFMP2N023924 TRN: 3562265217ES 08/05",-27000.00,WIRE_OUTGOING,162267.43,,
DEBIT,08/05/2025,"Zelle payment to Temper Media LLC 25744825522",-600.00,QUICKPAY_DEBIT,189267.43,,
DEBIT,08/05/2025,"Zelle payment to Temper Media LLC 25744535380",-2500.00,QUICKPAY_DEBIT,189867.43,,
DEBIT,08/05/2025,"ORIG CO NAME:NEXTGEAR PAYMENT       ORIG ID:1260401907 DESC DATE:080425 CO ENTRY DESCR:PAYMENT   SEC:CCD    TRACE#:091000012419036 EED:250805   IND ID:155929                       IND NAME:ICAR LIFESTYLE TRN: 2172419036TC",-12753.37,ACH_DEBIT,192367.43,,
DEBIT,08/05/2025,"ORIG CO NAME:NEXTGEAR PAYMENT       ORIG ID:1260401907 DESC DATE:080425 CO ENTRY DESCR:PAYMENT   SEC:CCD    TRACE#:091000012419035 EED:250805   IND ID:155929                       IND NAME:ICAR LIFESTYLE TRN: 2172419035TC",-63132.46,ACH_DEBIT,205120.80,,
CREDIT,08/05/2025,"Zelle payment from CHUN ZHANG BACq9qlnfk1b",1000.00,PARTNERFI_TO_CHASE,268253.26,,
CREDIT,08/05/2025,"Zelle payment from MINGSHUO SONG BACbg6a18od7",1800.00,PARTNERFI_TO_CHASE,267253.26,,
CREDIT,08/05/2025,"ORIG CO NAME:WESTLAKE FINANCI       ORIG ID:2272814169 DESC DATE:080425 CO ENTRY DESCR:PAYABLES  SEC:PPD    TRACE#:091000011427187 EED:250805   IND ID:                             IND NAME:ATTITUDE D LLC TRN: 2171427187TC",58517.97,ACH_CREDIT,265453.26,,
DEBIT,08/04/2025,"Zelle payment to Is 25737087399",-1000.00,QUICKPAY_DEBIT,206935.29,,
DEBIT,08/04/2025,"Zelle payment to redline JPM99bi9zjhj",-15.00,CHASE_TO_PARTNERFI,207935.29,,
DEBIT,08/04/2025,"ORIG CO NAME:INTUIT 66753993        ORIG ID:4462800242 DESC DATE:250804 CO ENTRY DESCR:PAYROLL   SEC:CCD    TRACE#:111000025215135 EED:250804   IND ID:18973767                     IND NAME:ATTITUDE D LLC TRN: 2165215135TC",-1536.56,ACH_DEBIT,207950.29,,
DEBIT,08/04/2025,"ORIG CO NAME:INTUIT 49276096        ORIG ID:4462800242 DESC DATE:250804 CO ENTRY DESCR:TAX       SEC:CCD    TRACE#:111000025213399 EED:250804   IND ID:18973767                     IND NAME:ATTITUDE D LLC TRN: 2165213399TC",-1644.26,ACH_DEBIT,209486.85,,
DEBIT,08/04/2025,"ORIG CO NAME:INTUIT 66753993        ORIG ID:4462800242 DESC DATE:250804 CO ENTRY DESCR:PAYROLL   SEC:CCD    TRACE#:111000025215136 EED:250804   IND ID:18973767                     IND NAME:ATTITUDE D LLC TRN: 2165215136TC",-2457.54,ACH_DEBIT,211131.11,,
DEBIT,08/04/2025,"Zelle payment to redline JPM99bi92lbi",-77.00,CHASE_TO_PARTNERFI,213588.65,,
DEBIT,08/04/2025,"Zelle payment to Icar 25733491338",-500.00,QUICKPAY_DEBIT,213665.65,,
DEBIT,08/04/2025,"Zelle payment to shangqi li JPM99bi4cguz",-1000.00,CHASE_TO_PARTNERFI,214165.65,,
DEBIT,08/04/2025,"Zelle payment to shuai JPM99bi4cfsk",-134.68,CHASE_TO_PARTNERFI,215165.65,,
DEBIT,08/04/2025,"Zelle payment to Zijie 25721127594",-1374.25,QUICKPAY_DEBIT,215300.33,,
CREDIT,08/04/2025,"Zelle payment from MATTHEW R TEITELBAUM 25733994539",500.00,QUICKPAY_CREDIT,216674.58,,
CREDIT,08/04/2025,"ORIG CO NAME:TSYS/TRANSFIRST        ORIG ID:WFBTRANSF1 DESC DATE:250803 CO ENTRY DESCR:CR CD DEP SEC:CCD    TRACE#:043305138198005 EED:250804   IND ID:543684556033333              IND NAME:ICAR LIFESTYLE             5436845560333337ICAR LIFESTYLE            CR CD DEP 080425 TRN: 2168198005TC",2060.00,ACH_CREDIT,216174.58,,
CREDIT,08/04/2025,"Zelle payment from CHUN ZHANG BACoxe2dmkal",3500.00,PARTNERFI_TO_CHASE,214114.58,,
CREDIT,08/04/2025,"Zelle payment from PERIMETER LLC 25704630295",3892.00,QUICKPAY_CREDIT,210614.58,,
CREDIT,08/04/2025,"Zelle payment from PERIMETER LLC 25705066134",6000.00,QUICKPAY_CREDIT,206722.58,,
CREDIT,08/04/2025,"ORIG CO NAME:WESTLAKE FINANCI       ORIG ID:2272814169 DESC DATE:080125 CO ENTRY DESCR:PAYABLES  SEC:PPD    TRACE#:091000013526941 EED:250804   IND ID:                             IND NAME:ATTITUDE D LLC TRN: 2163526941TC",67577.47,ACH_CREDIT,200722.58,,
DSLIP,08/04/2025,"DEPOSIT  ID NUMBER 463194",60000.00,DEPOSIT,133145.11,,
CREDIT,08/04/2025,"BOOK TRANSFER CREDIT B/O: PERIMETER LLC CHINO HILLS CA 91709-4664 US TRN: 3154275216ES",50000.00,WIRE_INCOMING,73145.11,,
DEBIT,08/01/2025,"Zelle payment to ding 25703550294",-600.00,QUICKPAY_DEBIT,23145.11,,
DEBIT,08/01/2025,"Zelle payment to raymond JPM99bhw28xs",-600.00,CHASE_TO_PARTNERFI,23745.11,,
DEBIT,08/01/2025,"Zelle payment to Conard JPM99bhuw18u",-200.00,CHASE_TO_PARTNERFI,24345.11,,
DEBIT,08/01/2025,"Zelle payment to redline JPM99bhut5ys",-100.00,CHASE_TO_PARTNERFI,24545.11,,
DSLIP,08/01/2025,"DEPOSIT  ID NUMBER 291456",17000.00,DEPOSIT,24645.11,,
CREDIT,08/01/2025,"ATM CASH DEPOSIT 08/01 60 E HUNTINGTON DR ARCADIA CA",6100.00,ATM,7645.11,,
DEBIT,07/31/2025,"Zelle payment to ch JPM99bhoqvhi",-102.00,CHASE_TO_PARTNERFI,1545.11,,
DEBIT,07/31/2025,"ORIG CO NAME:INTUIT 71446937        ORIG ID:4462800242 DESC DATE:250731 CO ENTRY DESCR:TAX       SEC:CCD    TRACE#:111000024141631 EED:250731   IND ID:18973767                     IND NAME:ATTITUDE D LLC TRN: 2124141631TC",-627.20,ACH_DEBIT,1647.11,,
DEBIT,07/31/2025,"ORIG CO NAME:INTUIT 65968301        ORIG ID:4462800242 DESC DATE:250731 CO ENTRY DESCR:PAYROLL   SEC:CCD    TRACE#:111000023970130 EED:250731   IND ID:18973767                     IND NAME:ATTITUDE D LLC TRN: 2123970130TC",-2064.05,ACH_DEBIT,2274.31,,
DEBIT,07/30/2025,"Zelle payment to richro 25663296882",-350.00,QUICKPAY_DEBIT,4338.36,,
DEBIT,07/30/2025,"ORIG CO NAME:NEXTGEAR PAYMENT       ORIG ID:1260401907 DESC DATE:072925 CO ENTRY DESCR:PAYMENT   SEC:CCD    TRACE#:091000018294864 EED:250730   IND ID:155929                       IND NAME:ICAR LIFESTYLE TRN: 2118294864TC",-4443.47,ACH_DEBIT,4688.36,,
CREDIT,07/30/2025,"Zelle payment from PERIMETER LLC 25660943312",6950.00,QUICKPAY_CREDIT,9131.83,,
DEBIT,07/29/2025,"Zelle payment to zoox 25654181529",-1000.00,QUICKPAY_DEBIT,2181.83,,
DEBIT,07/29/2025,"Zelle payment to redline JPM99bhg80zm",-817.00,CHASE_TO_PARTNERFI,3181.83,,
DEBIT,07/29/2025,"Zelle payment to redline JPM99bhfmrnr",-10.00,CHASE_TO_PARTNERFI,3998.83,,
DEBIT,07/29/2025,"Same-Day ACH Payment 11181792525 to Kyle (_########4761)",-1200.00,ACH_PAYMENT,4008.83,,
DEBIT,07/29/2025,"ORIG CO NAME:NOWCOM, LLC            ORIG ID:1911718107 DESC DATE:       CO ENTRY DESCR:DEALERCNTRSEC:CCD    TRACE#:104000018243466 EED:250729   IND ID:M121150202135                IND NAME:ATTITUDE D LLC TRN: 2108243466TC",-616.25,ACH_DEBIT,5208.83,,
DEBIT,07/29/2025,"ORIG CO NAME:IPFS866-412-6739       ORIG ID:0AD2424370 DESC DATE:       CO ENTRY DESCR:IPFSPMTWASSEC:CCD    TRACE#:101000016605006 EED:250729   IND ID:561402                       IND NAME:ATTITUDE D LLC                                                                                               GDxLk2vV TRN: 2106605006TC",-837.88,ACH_DEBIT,5825.08,,
CREDIT,07/29/2025,"Zelle payment from PERIMETER LLC 25646028828",3465.00,QUICKPAY_CREDIT,6662.96,,
CHECK,07/28/2025,"CHECK 1053  ",-18121.18,CHECK_PAID,3197.96,1053,
DEBIT,07/28/2025,"ORIG CO NAME:NEXTGEAR PAYMENT       ORIG ID:1260401907 DESC DATE:072525 CO ENTRY DESCR:PAYMENT   SEC:CCD    TRACE#:091000018602288 EED:250728   IND ID:155929                       IND NAME:ICAR LIFESTYLE TRN: 2098602288TC",-60716.15,ACH_DEBIT,21319.14,,
CREDIT,07/28/2025,"Zelle payment from PERIMETER LLC 25641788881",3500.00,QUICKPAY_CREDIT,82035.29,,
CREDIT,07/28/2025,"Zelle payment from PERIMETER LLC 25630978049",6974.00,QUICKPAY_CREDIT,78535.29,,
CREDIT,07/28/2025,"Zelle payment from PERIMETER LLC 25620923250",6974.00,QUICKPAY_CREDIT,71561.29,,
CREDIT,07/28/2025,"ORIG CO NAME:TSYS/TRANSFIRST        ORIG ID:WFBTRANSF1 DESC DATE:250727 CO ENTRY DESCR:CR CD DEP SEC:CCD    TRACE#:043305133075808 EED:250728   IND ID:543684556033333              IND NAME:ICAR LIFESTYLE             5436845560333337ICAR LIFESTYLE            CR CD DEP 072825 TRN: 2093075808TC",8652.00,ACH_CREDIT,64587.29,,
DSLIP,07/28/2025,"DEPOSIT  ID NUMBER 212643",37770.75,DEPOSIT,55935.29,,
CHECK,07/25/2025,"CHECK 1055  07/25",-44700.00,CHECK_PAID,18164.54,1055,
DEBIT,07/25/2025,"ORIG CO NAME:Westlake Floorin       ORIG ID:1352426469 DESC DATE:072425 CO ENTRY DESCR:PAYABLES  SEC:CCD    TRACE#:122232107411801 EED:250725   IND ID:100499447                    IND NAME:ICAR Lifestyle             100499447 ,ICAR Lifestyle      ,Aud it Fee 2025/07/10 00:00:00.000                DYNAMIC EFT TRN: 2067411801TC",-125.00,ACH_DEBIT,62864.54,,
DEBIT,07/25/2025,"ORIG CO NAME:Westlake Floorin       ORIG ID:1352426469 DESC DATE:072425 CO ENTRY DESCR:PAYABLES  SEC:CCD    TRACE#:122232107411757 EED:250725   IND ID:100499447                    IND NAME:ICAR Lifestyle             100499447 ,ICAR Lifestyle      ,VIN :1GNSCFKD6PR302909 ,2023-Chevrolet- -Suburban DYNAMIC EFT TRN: 2067411757TC",-38175.46,ACH_DEBIT,62989.54,,
DEBIT,07/25/2025,"ORIG CO NAME:NEXTGEAR PAYMENT       ORIG ID:1260401907 DESC DATE:072425 CO ENTRY DESCR:PAYMENT   SEC:CCD    TRACE#:091000016438904 EED:250725   IND ID:155929                       IND NAME:ICAR LIFESTYLE TRN: 2066438904TC",-4320.58,ACH_DEBIT,101165.00,,
DEBIT,07/25/2025,"Zelle payment to xu JPM99bgwe2yo",-150.00,CHASE_TO_PARTNERFI,105485.58,,
CHECK,07/24/2025,"CHECK 1054  ",-12995.79,CHECK_PAID,105635.58,1054,
DEBIT,07/24/2025,"ONLINE DOMESTIC WIRE TRANSFER VIA: CAL BK & TRUST/121002042 A/C: WESTLAKE FLOORING COMPANY LLC LOS ANGELES CA 90010 US REF: 1145553 7G2CEHED9RA023584 IMAD: 0724MMQFMP2M025586 TRN: 3468495205ES 07/24",-14736.80,WIRE_OUTGOING,118631.37,,
CREDIT,07/24/2025,"ORIG CO NAME:WESTLAKE FINANCI       ORIG ID:2272814169 DESC DATE:072325 CO ENTRY DESCR:PAYABLES  SEC:PPD    TRACE#:091000019893802 EED:250724   IND ID:                             IND NAME:ATTITUDE D LLC TRN: 2059893802TC",412.04,ACH_CREDIT,133368.17,,
CREDIT,07/24/2025,"ORIG CO NAME:TSYS/TRANSFIRST        ORIG ID:WFBTRANSF1 DESC DATE:250723 CO ENTRY DESCR:CR CD DEP SEC:CCD    TRACE#:043305139978624 EED:250724   IND ID:543684556033333              IND NAME:ICAR LIFESTYLE             5436845560333337ICAR LIFESTYLE            CR CD DEP 072425 TRN: 2059978624TC",9270.00,ACH_CREDIT,132956.13,,
CREDIT,07/24/2025,"ORIG CO NAME: MANHEIM US            ORIG ID:1582577037 DESC DATE:       CO ENTRY DESCR:ACH PAYMNTSEC:CCD    TRACE#:091000010174390 EED:250724   IND ID:17261656                     IND NAME:ICAR LIFESTYLE                                                                                               5913999 TRN: 2050174390TC",58195.00,ACH_CREDIT,123686.13,,
DSLIP,07/24/2025,"DEPOSIT  ID NUMBER 463326",17000.00,DEPOSIT,65491.13,,
DEBIT,07/23/2025,"Zelle payment to chuck JPM99bgrgbto",-200.00,CHASE_TO_PARTNERFI,48491.13,,
DEBIT,07/23/2025,"Zelle payment to Icar 25586610898",-2000.00,QUICKPAY_DEBIT,48691.13,,
DEBIT,07/23/2025,"Zelle payment to Ovis JPM99bgr6hgl",-280.00,CHASE_TO_PARTNERFI,50691.13,,
DEBIT,07/23/2025,"CENTRALDISPATCH.COM 858-259-6084 NY          07/22",-139.95,DEBIT_CARD,50971.13,,
CREDIT,07/23/2025,"ORIG CO NAME: MANHEIM US            ORIG ID:1582577037 DESC DATE:       CO ENTRY DESCR:ACH PAYMNTSEC:CCD    TRACE#:091000016616525 EED:250723   IND ID:17253084                     IND NAME:ICAR LIFESTYLE                                                                                               5912619 TRN: 2046616525TC",45290.00,ACH_CREDIT,51111.08,,
DEBIT,07/22/2025,"ORIG CO NAME:Westlake Floorin       ORIG ID:1352426469 DESC DATE:072125 CO ENTRY DESCR:PAYABLES  SEC:CCD    TRACE#:122232107380379 EED:250722   IND ID:100499447                    IND NAME:ICAR Lifestyle             100499447 ,ICAR Lifestyle      ,VIN :WMWLV7C05R2U36604 ,2024-MINI-Clubm man       DYNAMIC EFT TRN: 2037380379TC",-2659.34,ACH_DEBIT,5821.08,,
CHECK,07/22/2025,"CHECK 1056  ",-1286.46,CHECK_PAID,8480.42,1056,
CREDIT,07/22/2025,"Zelle payment from XIAOJING HU 25576242792",1000.00,QUICKPAY_CREDIT,9766.88,,
DEBIT,07/21/2025,"ORIG CO NAME:INTUIT 81410453        ORIG ID:4462800242 DESC DATE:250721 CO ENTRY DESCR:TAX       SEC:CCD    TRACE#:111000021826238 EED:250721   IND ID:18973767                     IND NAME:ATTITUDE D LLC TRN: 2021826238TC",-720.66,ACH_DEBIT,8766.88,,
DEBIT,07/21/2025,"ORIG CO NAME:INTUIT 65470604        ORIG ID:4462800242 DESC DATE:250721 CO ENTRY DESCR:PAYROLL   SEC:CCD    TRACE#:111000021827207 EED:250721   IND ID:18973767                     IND NAME:ATTITUDE D LLC TRN: 2021827207TC",-1128.31,ACH_DEBIT,9487.54,,
DEBIT,07/21/2025,"ORIG CO NAME:INTUIT 65470604        ORIG ID:4462800242 DESC DATE:250721 CO ENTRY DESCR:PAYROLL   SEC:CCD    TRACE#:111000021827208 EED:250721   IND ID:18973767                     IND NAME:ATTITUDE D LLC TRN: 2021827208TC",-1191.36,ACH_DEBIT,10615.85,,
DEBIT,07/21/2025,"WITHDRAWAL 07/21",-18700.00,MISC_DEBIT,11807.21,,
DEBIT,07/21/2025,"ORIG CO NAME:Westlake Floorin       ORIG ID:1352426469 DESC DATE:071825 CO ENTRY DESCR:PAYABLES  SEC:CCD    TRACE#:122232108836249 EED:250721   IND ID:100499447                    IND NAME:ICAR Lifestyle             100499447 ,ICAR Lifestyle      ,Pay ment-1units                                   DYNAMIC EFT TRN: 2028836249TC",-10130.75,ACH_DEBIT,30507.21,,
DEBIT,07/21/2025,"ORIG CO NAME:Westlake Floorin       ORIG ID:1352426469 DESC DATE:071825 CO ENTRY DESCR:PAYABLES  SEC:CCD    TRACE#:122232108836135 EED:250721   IND ID:100499447                    IND NAME:ICAR Lifestyle             100499447 ,ICAR Lifestyle      ,VIN :WDC0G4JB0JV094740 ,2018-MERCEDES-B BENZ-GLC  DYNAMIC EFT TRN: 2028836135TC",-11723.68,ACH_DEBIT,40637.96,,
DEBIT,07/21/2025,"Zelle payment to cal 25547191517",-300.00,QUICKPAY_DEBIT,52361.64,,
CREDIT,07/21/2025,"Zelle payment from WEIDA EXPRESS LLC BACv1k6lyqaz",431.00,PARTNERFI_TO_CHASE,52661.64,,
CREDIT,07/21/2025,"Zelle payment from ZHOU CAO BACedczeprhu",1000.00,PARTNERFI_TO_CHASE,52230.64,,
DEBIT,07/18/2025,"Online ACH Payment 11180667335 To juanchang (_#####2002)",-17309.00,ACH_PAYMENT,51230.64,,
DEBIT,07/18/2025,"Zelle payment to pei JPM99bg34xtr",-120.00,CHASE_TO_PARTNERFI,68539.64,,
CREDIT,07/18/2025,"ORIG CO NAME: MANHEIM US            ORIG ID:1582577037 DESC DATE:       CO ENTRY DESCR:ACH PAYMNTSEC:CCD    TRACE#:091000010295745 EED:250718   IND ID:17231255                     IND NAME:ICAR LIFESTYLE                                                                                               5909315 TRN: 1990295745TC",13820.00,ACH_CREDIT,68659.64,,
DSLIP,07/18/2025,"DEPOSIT  ID NUMBER 565069",4700.00,DEPOSIT,54839.64,,
CREDIT,07/18/2025,"BOOK TRANSFER CREDIT B/O: FATIMA TRADING INC TORRANCE CA 90504-5026 US REF: PAYMENT OF DOWNPAYMENT FOR CADILLAC TRN: 3042305199ES",8727.00,WIRE_INCOMING,50139.64,,
DEBIT,07/17/2025,"Zelle payment to Temper Media LLC 25516662318",-1500.00,QUICKPAY_DEBIT,41412.64,,
DEBIT,07/17/2025,"ORIG CO NAME:Westlake Floorin       ORIG ID:1352426469 DESC DATE:071625 CO ENTRY DESCR:PAYABLES  SEC:CCD    TRACE#:122232101330683 EED:250717   IND ID:100499447                    IND NAME:ICAR Lifestyle             100499447 ,ICAR Lifestyle      ,Tit leShip Fee                                    DYNAMIC EFT TRN: 1981330683TC",-25.00,ACH_DEBIT,42912.64,,
DEBIT,07/17/2025,"ORIG CO NAME:Westlake Floorin       ORIG ID:1352426469 DESC DATE:071625 CO ENTRY DESCR:PAYABLES  SEC:CCD    TRACE#:122232101330707 EED:250717   IND ID:100499447                    IND NAME:ICAR Lifestyle             100499447 ,ICAR Lifestyle      ,Aud it Fee 2025/06/13 00:00:00.000                DYNAMIC EFT TRN: 1981330707TC",-125.00,ACH_DEBIT,42937.64,,
DEBIT,07/17/2025,"ORIG CO NAME:Westlake Floorin       ORIG ID:1352426469 DESC DATE:071625 CO ENTRY DESCR:PAYABLES  SEC:CCD    TRACE#:122232101330641 EED:250717   IND ID:100499447                    IND NAME:ICAR Lifestyle             100499447 ,ICAR Lifestyle      ,VIN :WP1AA2A20HKA85434 ,2017-PORSCHE-CA AYENNE V6 DYNAMIC EFT TRN: 1981330641TC",-21136.82,ACH_DEBIT,43062.64,,
DEBIT,07/17/2025,"Zelle payment to carlos 25510941861",-220.00,QUICKPAY_DEBIT,64199.46,,
DEBIT,07/17/2025,"FEDEX495176112 800-4633339 TN                07/16",-9.75,DEBIT_CARD,64419.46,,
CREDIT,07/17/2025,"Zelle payment from STEPHANIE B RAMIREZ 25519715598",300.00,QUICKPAY_CREDIT,64429.21,,
CREDIT,07/17/2025,"FEDWIRE CREDIT VIA: REGIONS BANK/062005690 B/O: LENDBUZZ FUNDING WIRES ACCOUNT BOSTON MA 02110 REF: CHASE NYC/CTR/BNF=ATTITUDE D LLC ARCADIA CA 91007-2839 US/AC-000000009 120 RFB=NOTPROVIDED OBI=/URI/1GNSCF KD6PR302909 : 1838825 BBI=/ACC/4081 74X1838825 IMAD: 0717F2QCZ00C002145 TRN: 0670811198FF",28535.00,WIRE_INCOMING,64129.21,,
DEBIT,07/16/2025,"Zelle payment to shaokun zhang JPM99bfy5lxb",-3800.00,CHASE_TO_PARTNERFI,35594.21,,
DEBIT,07/16/2025,"COSTCO WHSE #0412 AZUSA CA           200017  07/16",-111.88,DEBIT_CARD,39394.21,,
DEBIT,07/16/2025,"Zelle payment to ivy 25502778415",-300.00,QUICKPAY_DEBIT,39506.09,,
DEBIT,07/16/2025,"ORIG CO NAME:NEXTGEAR PAYMENT       ORIG ID:1260401907 DESC DATE:071525 CO ENTRY DESCR:PAYMENT   SEC:CCD    TRACE#:091000015234454 EED:250716   IND ID:155929                       IND NAME:ICAR LIFESTYLE TRN: 1975234454TC",-22021.58,ACH_DEBIT,39806.09,,
DEBIT,07/16/2025,"FEDEX495016689 800-4633339 TN                07/15",-9.75,DEBIT_CARD,61827.67,,
DEBIT,07/16/2025,"DEPOSITED ITEM RETURNED       Refer to Maker 099022452                                       # OF ITEMS00001CK#:0000003222                                        DEP AMT               DEP DATE010101CK AMT0000872750",-8727.50,DEPOSIT_RETURN,61837.42,,
CREDIT,07/16/2025,"Zelle payment from ICAR EXOTICS 25509905541",577.00,QUICKPAY_CREDIT,70564.92,,
CREDIT,07/16/2025,"Zelle payment from SHAOKUN ZHANG PNCAA0TJy15S",1800.00,PARTNERFI_TO_CHASE,69987.92,,
CREDIT,07/16/2025,"Zelle payment from SHAOKUN ZHANG 25509416932",2000.00,QUICKPAY_CREDIT,68187.92,,
DSLIP,07/16/2025,"DEPOSIT  ID NUMBER 639135",6968.35,DEPOSIT,66187.92,,
DSLIP,07/16/2025,"DEPOSIT  ID NUMBER 589580",24500.00,DEPOSIT,59219.57,,
DEBIT,07/15/2025,"ORIG CO NAME:INTUIT 33776066        ORIG ID:4462800242 DESC DATE:250715 CO ENTRY DESCR:TAX       SEC:CCD    TRACE#:111000026039418 EED:250715   IND ID:18973767                     IND NAME:ATTITUDE D LLC TRN: 1966039418TC",-627.20,ACH_DEBIT,34719.57,,
DEBIT,07/15/2025,"ORIG CO NAME:INTUIT 64524921        ORIG ID:4462800242 DESC DATE:250715 CO ENTRY DESCR:PAYROLL   SEC:CCD    TRACE#:111000026005630 EED:250715   IND ID:18973767                     IND NAME:ATTITUDE D LLC TRN: 1966005630TC",-2064.05,ACH_DEBIT,35346.77,,
DEBIT,07/15/2025,"ORIG CO NAME:Elite Warranty         ORIG ID:1201681064 DESC DATE:       CO ENTRY DESCR:Service   SEC:WEB    TRACE#:242071750953379 EED:250715   IND ID:                             IND NAME:iCar Lifestyle                                                                                               8014897288 TRN: 1960953379TC",-4055.00,ACH_DEBIT,37410.82,,
DEBIT,07/15/2025,"Online Transfer to CHK ...9383 transaction#: 25487158886 07/15",-135.00,ACCT_XFER,41465.82,,
CREDIT,07/15/2025,"ORIG CO NAME: MANHEIM US            ORIG ID:1582577037 DESC DATE:       CO ENTRY DESCR:ACH PAYMNTSEC:CCD    TRACE#:091000010290683 EED:250715   IND ID:17211386                     IND NAME:ICAR LIFESTYLE                                                                                               5905274 TRN: 1960290683TC",365.00,ACH_CREDIT,41600.82,,
CREDIT,07/15/2025,"ORIG CO NAME:WESTLAKE FINANCI       ORIG ID:2272814169 DESC DATE:071425 CO ENTRY DESCR:PAYABLES  SEC:PPD    TRACE#:091000010457316 EED:250715   IND ID:                             IND NAME:ATTITUDE D LLC TRN: 1960457316TC",22000.63,ACH_CREDIT,41235.82,,
DSLIP,07/15/2025,"REMOTE ONLINE DEPOSIT #          1",8727.50,CHECK_DEPOSIT,19235.19,1,
DEBIT,07/14/2025,"Zelle payment to redline JPM99bfpio6j",-23.00,CHASE_TO_PARTNERFI,10507.69,,
DEBIT,07/14/2025,"Zelle payment to redline JPM99bfph81j",-924.00,CHASE_TO_PARTNERFI,10530.69,,
DEBIT,07/14/2025,"ORIG CO NAME:INTUIT 35494488        ORIG ID:4462800242 DESC DATE:250714 CO ENTRY DESCR:TAX       SEC:CCD    TRACE#:111000028721965 EED:250714   IND ID:18973767                     IND NAME:ATTITUDE D LLC TRN: 1958721965TC",-77.18,ACH_DEBIT,11454.69,,
DEBIT,07/14/2025,"ORIG CO NAME:MANHEIM                ORIG ID:1581936030 DESC DATE:       CO ENTRY DESCR:ACH PAYMNTSEC:CCD    TRACE#:091000014132646 EED:250714   IND ID:ACH6507698                   IND NAME:ICAR LIFESTYLE             INV#91586313  \5512120    1GYS3KKL1 NR16761422CADILESCAL TRN: 1954132646TC",-205.00,ACH_DEBIT,11531.87,,
DEBIT,07/14/2025,"ORIG CO NAME:INTUIT 64134637        ORIG ID:4462800242 DESC DATE:250714 CO ENTRY DESCR:PAYROLL   SEC:CCD    TRACE#:111000023408659 EED:250714   IND ID:18973767                     IND NAME:ATTITUDE D LLC TRN: 1953408659TC",-1530.68,ACH_DEBIT,11736.87,,
DEBIT,07/14/2025,"FEDEX494745765 800-4633339 TN                07/11",-9.75,DEBIT_CARD,13267.55,,
CREDIT,07/14/2025,"Zelle payment from DAVID LOOMIS HNA0JFVBQRJT",1000.00,PARTNERFI_TO_CHASE,13277.30,,
CREDIT,07/11/2025,"Zelle payment from ICAR EXOTICS 25455710169",2755.00,QUICKPAY_CREDIT,12277.30,,
DSLIP,07/11/2025,"REMOTE ONLINE DEPOSIT #          1",6978.62,CHECK_DEPOSIT,9522.30,1,
CHECK,07/10/2025,"CHECK 1052  ",-57511.87,CHECK_PAID,2543.68,1052,
DEBIT,07/10/2025,"ORIG CO NAME:Westlake Floorin       ORIG ID:1352426469 DESC DATE:070925 CO ENTRY DESCR:PAYABLES  SEC:CCD    TRACE#:122232101451836 EED:250710   IND ID:100499447                    IND NAME:ICAR Lifestyle             100499447 ,ICAR Lifestyle      ,Aud it Fee 2025/05/20 00:00:00.000                DYNAMIC EFT TRN: 1911451836TC",-125.00,ACH_DEBIT,60055.55,,
DEBIT,07/10/2025,"ORIG CO NAME:TSYS/TRANSFIRST        ORIG ID:WFBTRANSF1 DESC DATE:250630 CO ENTRY DESCR:MERCH FEESSEC:CCD    TRACE#:043305133515227 EED:250710   IND ID:543684556033333              IND NAME:ICAR LIFESTYLE TRN: 1913515227TC",-246.37,ACH_DEBIT,60180.55,,
DEBIT,07/10/2025,"ORIG CO NAME:NEXTGEAR PAYMENT       ORIG ID:1260401907 DESC DATE:070925 CO ENTRY DESCR:PAYMENT   SEC:CCD    TRACE#:091000011628050 EED:250710   IND ID:155929                       IND NAME:ICAR LIFESTYLE TRN: 1911628050TC",-46664.09,ACH_DEBIT,60426.92,,
DEBIT,07/10/2025,"FEDEX494597292 800-4633339 TN                07/09",-47.55,DEBIT_CARD,107091.01,,
CREDIT,07/10/2025,"ORIG CO NAME:Westlake Floorin       ORIG ID:1352426469 DESC DATE:070925 CO ENTRY DESCR:PAYABLES  SEC:CCD    TRACE#:122232101450906 EED:250710   IND ID:3187803                      IND NAME:ICAR Lifestyle             100499447 ,ICAR Lifestyle      ,VIN :WP1AA2A20HKA85434 ,2017-PORSCHE-CA AYENNE V6 DYNAMIC EFT TRN: 1911450906TC",20800.00,ACH_CREDIT,107138.56,,
CREDIT,07/10/2025,"ORIG CO NAME:NEXTGEAR FUNDING       ORIG ID:1201990165 DESC DATE:070925 CO ENTRY DESCR:FUNDING   SEC:CCD    TRACE#:091000011629216 EED:250710   IND ID:155929                       IND NAME:ICAR LIFESTYLE TRN: 1911629216TC",21725.00,ACH_CREDIT,86338.56,,
CREDIT,07/10/2025,"ORIG CO NAME:NEXTGEAR FUNDING       ORIG ID:1201990165 DESC DATE:070925 CO ENTRY DESCR:FUNDING   SEC:CCD    TRACE#:091000010987734 EED:250710   IND ID:155929                       IND NAME:ICAR LIFESTYLE TRN: 1910987734TC",38100.00,ACH_CREDIT,64613.56,,
DEBIT,07/09/2025,"Zelle payment to A star 25425260041",-1085.00,QUICKPAY_DEBIT,26513.56,,
DEBIT,07/09/2025,"ORIG CO NAME:AMERICAN EXPRESS       ORIG ID:9493560001 DESC DATE:250709 CO ENTRY DESCR:ACH PMT   SEC:CCD    TRACE#:021000021124665 EED:250709   IND ID:A5652                        IND NAME:SHANGQI LI                                                                                                   AM TRN: 1901124665TC",-8265.57,ACH_DEBIT,27598.56,,
DEBIT,07/08/2025,"Zelle payment to WYMAN-KELL JPM99bf0wsj3",-1000.00,CHASE_TO_PARTNERFI,35864.13,,
CREDIT,07/08/2025,"ORIG CO NAME:WESTLAKE FINANCI       ORIG ID:2272814169 DESC DATE:070725 CO ENTRY DESCR:PAYABLES  SEC:PPD    TRACE#:091000012753194 EED:250708   IND ID:                             IND NAME:ATTITUDE D LLC TRN: 1892753194TC",23446.86,ACH_CREDIT,36864.13,,
DEBIT,07/07/2025,"ORIG CO NAME:CARFAX                 ORIG ID:1251465303 DESC DATE:070325 CO ENTRY DESCR:BT0703    SEC:CCD    TRACE#:111000024006909 EED:250707   IND ID:000000329029803              IND NAME:Attitude D llc                                                                                               CARFAX TRN: 1884006909TC",-1248.00,ACH_DEBIT,13417.27,,
DEBIT,07/03/2025,"SERVICE CHARGES FOR THE MONTH OF JUNE",-25.00,FEE_TRANSACTION,14665.27,,
DEBIT,07/03/2025,"Zelle payment to yibo JPM99bei06fv",-500.00,CHASE_TO_PARTNERFI,14690.27,,
DEBIT,07/03/2025,"ORIG CO NAME:INTUIT 59529651        ORIG ID:4462800242 DESC DATE:250703 CO ENTRY DESCR:TAX       SEC:CCD    TRACE#:111000021341300 EED:250703   IND ID:18973767                     IND NAME:ATTITUDE D LLC TRN: 1841341300TC",-712.16,ACH_DEBIT,15190.27,,
DEBIT,07/03/2025,"ORIG CO NAME:INTUIT 63909234        ORIG ID:4462800242 DESC DATE:250703 CO ENTRY DESCR:PAYROLL   SEC:CCD    TRACE#:111000021343860 EED:250703   IND ID:18973767                     IND NAME:ATTITUDE D LLC TRN: 1841343860TC",-1979.21,ACH_DEBIT,15902.43,,
DEBIT,07/03/2025,"ORIG CO NAME:MANHEIM                ORIG ID:1581936030 DESC DATE:       CO ENTRY DESCR:ACH PAYMNTSEC:CCD    TRACE#:091000016996587 EED:250703   IND ID:ACH6480058                   IND NAME:ICAR LIFESTYLE             INV#3258653   \5512120    ZARFAMEV6 L763121220ALFA GIULI TRN: 1846996587TC",-205.00,ACH_DEBIT,17881.64,,
CREDIT,07/03/2025,"FEDWIRE CREDIT VIA: REGIONS BANK/062005690 B/O: LENDBUZZ FUNDING WIRES ACCOUNT BOSTON MA 02110 REF: CHASE NYC/CTR/BNF=ATTITUDE D LLC ARCADIA CA 91007-2839 US/AC-000000009 120 RFB=2507031553250035 OBI=5YJ3E1 EA1KF296575 : 1815423 BBI=/BNF/4015 60X1815423 IMAD: 0703F2QCZ00C004499 TRN: 1196381184FF",13827.00,WIRE_INCOMING,18086.64,,
DEBIT,07/02/2025,"ORIG CO NAME:CA DEPT TAX FEE        ORIG ID:2822162215 DESC DATE:250701 CO ENTRY DESCR:CDTFA EPMTSEC:CCD    TRACE#:042000015187189 EED:250702   IND ID:21486546                     IND NAME:ICAR LIFESTYLE TRN: 1835187189TC",-10322.00,ACH_DEBIT,4259.64,,
DEBIT,07/02/2025,"Online Transfer to CHK ...9383 transaction#: 25337440502 07/02",-1200.00,ACCT_XFER,14581.64,,
DEBIT,07/02/2025,"Zelle payment to Temper Media LLC 25336592635",-2500.00,QUICKPAY_DEBIT,15781.64,,
DEBIT,07/02/2025,"FEDEX493931635 800-4633339 TN                07/01",-9.75,DEBIT_CARD,18281.64,,
CREDIT,07/02/2025,"Zelle payment from FEIBIAO YANG BACdmq9a0g5e",500.00,PARTNERFI_TO_CHASE,18291.39,,
DEBIT,07/01/2025,"ORIG CO NAME:MANHEIM                ORIG ID:1581936030 DESC DATE:       CO ENTRY DESCR:ACH PAYMNTSEC:CCD    TRACE#:091000011743516 EED:250701   IND ID:ACH6475414                   IND NAME:ICAR LIFESTYLE TRN: 1821743516TC",-135.00,ACH_DEBIT,17791.39,,
DEBIT,07/01/2025,"ORIG CO NAME:NEXTGEAR PAYMENT       ORIG ID:1260401907 DESC DATE:063025 CO ENTRY DESCR:PAYMENT   SEC:CCD    TRACE#:091000012235956 EED:250701   IND ID:155929                       IND NAME:ICAR LIFESTYLE TRN: 1822235956TC",-6092.54,ACH_DEBIT,17926.39,,
DEBIT,07/01/2025,"ORIG CO NAME:CA DEPT TAX FEE        ORIG ID:2822162215 DESC DATE:250630 CO ENTRY DESCR:CDTFA EPMTSEC:CCD    TRACE#:042000011272084 EED:250701   IND ID:21544887                     IND NAME:ICAR LIFESTYLE TRN: 1821272084TC",-6132.58,ACH_DEBIT,24018.93,,
DEBIT,07/01/2025,"Zelle payment to Icar 24969946713",-2500.00,QUICKPAY_DEBIT,30151.51,,
DSLIP,07/01/2025,"DEPOSIT  ID NUMBER 889848",3000.00,DEPOSIT,32651.51,,
DEBIT,06/30/2025,"ORIG CO NAME:INTUIT 90342698        ORIG ID:4462800242 DESC DATE:250630 CO ENTRY DESCR:TAX       SEC:CCD    TRACE#:111000022893951 EED:250630   IND ID:18973767                     IND NAME:ATTITUDE D LLC TRN: 1812893951TC",-627.20,ACH_DEBIT,29651.51,,
DEBIT,06/30/2025,"ORIG CO NAME:IPFS866-412-6739       ORIG ID:0AD2424370 DESC DATE:       CO ENTRY DESCR:IPFSPMTWASSEC:CCD    TRACE#:101000015596958 EED:250630   IND ID:561402                       IND NAME:ATTITUDE D LLC                                                                                               GDxLk2vV TRN: 1815596958TC",-837.88,ACH_DEBIT,30278.71,,
DEBIT,06/30/2025,"ORIG CO NAME:INTUIT 63168027        ORIG ID:4462800242 DESC DATE:250630 CO ENTRY DESCR:PAYROLL   SEC:CCD    TRACE#:111000025553064 EED:250630   IND ID:18973767                     IND NAME:ATTITUDE D LLC TRN: 1815553064TC",-2064.05,ACH_DEBIT,31116.59,,
DEBIT,06/30/2025,"FEDEX493752113 800-4633339 TN                06/28",-9.75,DEBIT_CARD,33180.64,,
CREDIT,06/30/2025,"ORIG CO NAME:NEXTGEAR FUNDING       ORIG ID:1201990165 DESC DATE:062725 CO ENTRY DESCR:FUNDING   SEC:CCD    TRACE#:091000012806924 EED:250630   IND ID:155929                       IND NAME:ICAR LIFESTYLE TRN: 1812806924TC",2564.04,ACH_CREDIT,33190.39,,
DSLIP,06/30/2025,"REMOTE ONLINE DEPOSIT #          1",1000.00,CHECK_DEPOSIT,30626.35,1,
DEBIT,06/27/2025,"ORIG CO NAME:NOWCOM, LLC            ORIG ID:1911718107 DESC DATE:       CO ENTRY DESCR:DEALERCNTRSEC:CCD    TRACE#:104000018071707 EED:250627   IND ID:M121099414343                IND NAME:ATTITUDE D LLC TRN: 1788071707TC",-535.23,ACH_DEBIT,29626.35,,
CREDIT,06/27/2025,"ORIG CO NAME: MANHEIM US            ORIG ID:1582577037 DESC DATE:       CO ENTRY DESCR:ACH PAYMNTSEC:CCD    TRACE#:091000016260648 EED:250627   IND ID:17126923                     IND NAME:ICAR LIFESTYLE                                                                                               5892273 TRN: 1786260648TC",26065.00,ACH_CREDIT,30161.58,,
DEBIT,06/26/2025,"Zelle payment to carlos 25267806971",-250.00,QUICKPAY_DEBIT,4096.58,,
CHECK,06/26/2025,"CHECK 1051  ",-18500.00,CHECK_PAID,4346.58,1051,
CHECK,06/26/2025,"CHECK 1050  ",-3850.00,CHECK_PAID,22846.58,1050,
DEBIT,06/26/2025,"FEDEX493512547 800-4633339 TN                06/24",-9.75,DEBIT_CARD,26696.58,,
DEBIT,06/26/2025,"FEDEX493349123 800-4633339 TN                06/23",-9.75,DEBIT_CARD,26706.33,,
DEBIT,06/25/2025,"ORIG CO NAME:NEXTGEAR PAYMENT       ORIG ID:1260401907 DESC DATE:062425 CO ENTRY DESCR:PAYMENT   SEC:CCD    TRACE#:091000016953177 EED:250625   IND ID:155929                       IND NAME:ICAR LIFESTYLE TRN: 1766953177TC",-5836.71,ACH_DEBIT,26716.08,,
CREDIT,06/25/2025,"Zelle payment from XIAOJING CAI 25252070244",1450.00,QUICKPAY_CREDIT,32552.79,,
CREDIT,06/25/2025,"ORIG CO NAME:Westlake Floorin       ORIG ID:1352426469 DESC DATE:062425 CO ENTRY DESCR:PAYABLES  SEC:CCD    TRACE#:122232106940003 EED:250625   IND ID:3155396                      IND NAME:ICAR Lifestyle             100499447 ,ICAR Lifestyle      ,VIN :WDC0G4JB0JV094740 ,2018-MERCEDES-B BENZ-GLC  DYNAMIC EFT TRN: 1766940003TC",11300.00,ACH_CREDIT,31102.79,,
DEBIT,06/24/2025,"Zelle payment to redline JPM99bd8odpr",-142.00,CHASE_TO_PARTNERFI,19802.79,,
CREDIT,06/24/2025,"Zelle payment from ICAR EXOTICS 25242523720",10000.00,QUICKPAY_CREDIT,19944.79,,
CREDIT,06/24/2025,"ATM CHECK DEPOSIT 06/24 60 E HUNTINGTON DR ARCADIA CA",5500.00,ATM_DEPOSIT,9944.79,,
DEBIT,06/23/2025,"Zelle payment to yusen JPM99bd7su9w",-2000.00,CHASE_TO_PARTNERFI,4444.79,,
DEBIT,06/23/2025,"CENTRALDISPATCH.COM 858-259-6084 NY          06/22",-139.95,DEBIT_CARD,6444.79,,
DEBIT,06/23/2025,"ORIG CO NAME:MANHEIM                ORIG ID:1581936030 DESC DATE:       CO ENTRY DESCR:ACH PAYMNTSEC:CCD    TRACE#:091000010943551 EED:250623   IND ID:ACH6450630                   IND NAME:ICAR LIFESTYLE             INV#90990968  \5512120    W1NYC7HJ3 NX43720722MERCEG-CLA TRN: 1740943551TC",-80.00,ACH_DEBIT,6584.74,,
CREDIT,06/23/2025,"ORIG CO NAME:TSYS/TRANSFIRST        ORIG ID:WFBTRANSF1 DESC DATE:250622 CO ENTRY DESCR:CR CD DEP SEC:CCD    TRACE#:043305135397351 EED:250623   IND ID:543684556033333              IND NAME:ICAR LIFESTYLE             5436845560333337ICAR LIFESTYLE            CR CD DEP 062325 TRN: 1745397351TC",2678.00,ACH_CREDIT,6664.74,,
DEBIT,06/20/2025,"Zelle payment to Ga 25204944274",-500.00,QUICKPAY_DEBIT,3986.74,,
DEBIT,06/20/2025,"Zelle payment to anna wu 25204189930",-100.00,QUICKPAY_DEBIT,4486.74,,
DEBIT,06/20/2025,"Zelle payment to redline JPM99bcwe52i",-55.00,CHASE_TO_PARTNERFI,4586.74,,
DEBIT,06/20/2025,"ONLINE DOMESTIC WIRE TRANSFER VIA: GBC INTL BANK LA/122235902 A/C: JTE GLOBAL AZUSA CA 91702 US IMAD: 0620MMQFMP2L046566 TRN: 4091125171ES 06/20",-40000.00,WIRE_OUTGOING,4641.74,,
DEBIT,06/18/2025,"Zelle payment to Marlon 25178465757",-175.00,QUICKPAY_DEBIT,44641.74,,
DEBIT,06/18/2025,"Zelle payment to spf carrier JPM99bcm8k5t",-1450.00,CHASE_TO_PARTNERFI,44816.74,,
DEBIT,06/18/2025,"ORIG CO NAME:MANHEIM                ORIG ID:1581936030 DESC DATE:       CO ENTRY DESCR:ACH PAYMNTSEC:CCD    TRACE#:091000016136957 EED:250618   IND ID:ACH6438281                   IND NAME:ICAR LIFESTYLE             INV#90692754  \5512120    1GYS3KKL1 PR29270023CADILESCAL TRN: 1696136957TC",-55.00,ACH_DEBIT,46266.74,,
CREDIT,06/18/2025,"ORIG CO NAME: MANHEIM US            ORIG ID:1582577037 DESC DATE:       CO ENTRY DESCR:ACH PAYMNTSEC:CCD    TRACE#:091000015329353 EED:250618   IND ID:17081046                     IND NAME:ICAR LIFESTYLE                                                                                               5883573 TRN: 1695329353TC",36725.00,ACH_CREDIT,46321.74,,
CHECK,06/17/2025,"CHECK 1048  ",-11300.00,CHECK_PAID,9596.74,1048,
DEBIT,06/17/2025,"ORIG CO NAME:INTUIT 91172640        ORIG ID:4462800242 DESC DATE:250617 CO ENTRY DESCR:TAX       SEC:CCD    TRACE#:111000023013664 EED:250617   IND ID:18973767                     IND NAME:ATTITUDE D LLC TRN: 1683013664TC",-717.18,ACH_DEBIT,20896.74,,
DEBIT,06/17/2025,"ORIG CO NAME:INTUIT 62584753        ORIG ID:4462800242 DESC DATE:250617 CO ENTRY DESCR:PAYROLL   SEC:CCD    TRACE#:111000023014480 EED:250617   IND ID:18973767                     IND NAME:ATTITUDE D LLC TRN: 1683014480TC",-1319.75,ACH_DEBIT,21613.92,,
DEBIT,06/17/2025,"ORIG CO NAME:INTUIT 62584753        ORIG ID:4462800242 DESC DATE:250617 CO ENTRY DESCR:PAYROLL   SEC:CCD    TRACE#:111000023014479 EED:250617   IND ID:18973767                     IND NAME:ATTITUDE D LLC TRN: 1683014479TC",-1407.71,ACH_DEBIT,22933.67,,
DEBIT,06/17/2025,"Zelle payment to Temper Media LLC 25164762318",-2051.42,QUICKPAY_DEBIT,24341.38,,
DEBIT,06/17/2025,"Zelle payment to Marlon 25163782669",-100.00,QUICKPAY_DEBIT,26392.80,,
DEBIT,06/16/2025,"WITHDRAWAL 06/16",-4562.17,MISC_DEBIT,26492.80,,
DEBIT,06/16/2025,"ORIG CO NAME:Westlake Floorin       ORIG ID:1352426469 DESC DATE:061325 CO ENTRY DESCR:PAYABLES  SEC:CCD    TRACE#:122232103775981 EED:250616   IND ID:100499447                    IND NAME:ICAR Lifestyle             100499447 ,ICAR Lifestyle      ,VIN :5UX23EU05R9T01054 ,2024-BMW-X5               DYNAMIC EFT TRN: 1673775981TC",-6600.00,ACH_DEBIT,31054.97,,
DEBIT,06/13/2025,"Zelle payment to redline JPM99bc24hwa",-397.00,CHASE_TO_PARTNERFI,37654.97,,
DEBIT,06/13/2025,"Zelle payment to A star 25119910617",-1630.00,QUICKPAY_DEBIT,38051.97,,
DEBIT,06/13/2025,"Zelle payment to wsc 25118699341",-420.00,QUICKPAY_DEBIT,39681.97,,
DEBIT,06/13/2025,"ORIG CO NAME:INTUIT 09737992        ORIG ID:4462800242 DESC DATE:250613 CO ENTRY DESCR:TAX       SEC:CCD    TRACE#:111000022113337 EED:250613   IND ID:18973767                     IND NAME:ATTITUDE D LLC TRN: 1642113337TC",-244.70,ACH_DEBIT,40101.97,,
DEBIT,06/13/2025,"ORIG CO NAME:INTUIT 61959384        ORIG ID:4462800242 DESC DATE:250613 CO ENTRY DESCR:PAYROLL   SEC:CCD    TRACE#:111000022108769 EED:250613   IND ID:18973767                     IND NAME:ATTITUDE D LLC TRN: 1642108769TC",-2064.05,ACH_DEBIT,40346.67,,
DEBIT,06/13/2025,"Zelle payment to zhenxi Jin JPM99bbyl615",-1000.00,CHASE_TO_PARTNERFI,42410.72,,
DSLIP,06/13/2025,"DEPOSIT  ID NUMBER 889699",12158.86,DEPOSIT,43410.72,,
DEBIT,06/12/2025,"Zelle payment to yama JPM99bbwny4w",-150.00,CHASE_TO_PARTNERFI,31251.86,,
CREDIT,06/12/2025,"Zelle payment from ICAR EXOTICS 25106083979",1200.00,QUICKPAY_CREDIT,31401.86,,
CREDIT,06/12/2025,"ORIG CO NAME:Westlake Floorin       ORIG ID:1352426469 DESC DATE:061125 CO ENTRY DESCR:PAYABLES  SEC:CCD    TRACE#:122232107984528 EED:250612   IND ID:3127396                      IND NAME:ICAR Lifestyle             100499447 ,ICAR Lifestyle      ,                                                  DYNAMIC EFT TRN: 1637984528TC",4230.00,ACH_CREDIT,30201.86,,
DSLIP,06/12/2025,"DEPOSIT  ID NUMBER 939535",8000.00,DEPOSIT,25971.86,,
DEBIT,06/11/2025,"ONLINE DOMESTIC WIRE TRANSFER VIA: GBC INTL BANK LA/122235902 A/C: JTE GLOBAL AZUSA CA 91702 US IMAD: 0611MMQFMP2L032094 TRN: 3576285162ES 06/11",-50000.00,WIRE_OUTGOING,17971.86,,
DEBIT,06/11/2025,"WITHDRAWAL 06/11",-121715.00,MISC_DEBIT,67971.86,,
DEBIT,06/11/2025,"ORIG CO NAME:MANHEIM                ORIG ID:1581936030 DESC DATE:       CO ENTRY DESCR:ACH PAYMNTSEC:CCD    TRACE#:091000010809154 EED:250611   IND ID:ACH6419859                   IND NAME:ICAR LIFESTYLE             INV#90526071  \5512120    5UX23EU05 R9T0105424BMW  X5 TRN: 1620809154TC",-355.00,ACH_DEBIT,189686.86,,
DEBIT,06/11/2025,"FEDEX         00011007 800-4633339 TN        06/10",-19.50,DEBIT_CARD,190041.86,,
CREDIT,06/11/2025,"ORIG CO NAME:NEXTGEAR FUNDING       ORIG ID:1201990165 DESC DATE:061025 CO ENTRY DESCR:FUNDING   SEC:CCD    TRACE#:091000010712219 EED:250611   IND ID:155929                       IND NAME:ICAR LIFESTYLE TRN: 1620712219TC",20500.00,ACH_CREDIT,190061.36,,
DSLIP,06/11/2025,"DEPOSIT  ID NUMBER 949320",121715.00,DEPOSIT,169561.36,,
DEBIT,06/10/2025,"ORIG CO NAME:AMERICAN EXPRESS       ORIG ID:9493560001 DESC DATE:250610 CO ENTRY DESCR:ACH PMT   SEC:CCD    TRACE#:021000024581009 EED:250610   IND ID:A6002                        IND NAME:SHANGQI LI                                                                                                   AM TRN: 1614581009TC",-7596.24,ACH_DEBIT,47846.36,,
DEBIT,06/10/2025,"Zelle payment to ULTIMATE PRINTING INC 25081287193",-68.83,QUICKPAY_DEBIT,55442.60,,
DEBIT,06/10/2025,"ORIG CO NAME:TSYS/TRANSFIRST        ORIG ID:WFBTRANSF1 DESC DATE:250530 CO ENTRY DESCR:MERCH FEESSEC:CCD    TRACE#:043305137418720 EED:250610   IND ID:543684556033333              IND NAME:ICAR LIFESTYLE TRN: 1617418720TC",-268.97,ACH_DEBIT,55511.43,,
CREDIT,06/10/2025,"Zelle payment from WEI WANG BACo1ly4i82e",2340.78,PARTNERFI_TO_CHASE,55780.40,,
CREDIT,06/10/2025,"FEDWIRE CREDIT VIA: REGIONS BANK/062005690 B/O: LENDBUZZ FUNDING WIRES ACCOUNT BOSTON MA 02110 REF: CHASE NYC/CTR/BNF=ATTITUDE D LLC ARCADIA CA 91007-2839 US/AC-000000009 120 RFB=2506101547340028 OBI=5UX53G P06S9Y49395 : 1749255 BBI=/BNF/3912 70X1749255 IMAD: 0610F2QCZ00C003571 TRN: 1084381161FF",42067.00,WIRE_INCOMING,53439.62,,
CHECK,06/09/2025,"CHECK 1046  ",-20500.00,CHECK_PAID,11372.62,1046,
DEBIT,06/09/2025,"ORIG CO NAME:NEXTGEAR PAYMENT       ORIG ID:1260401907 DESC DATE:060625 CO ENTRY DESCR:PAYMENT   SEC:CCD    TRACE#:091000016551896 EED:250609   IND ID:155929                       IND NAME:ICAR LIFESTYLE TRN: 1606551896TC",-44296.97,ACH_DEBIT,31872.62,,
DEBIT,06/09/2025,"Online Transfer to CHK ...9383 transaction#: 25047180699 06/09",-1500.00,ACCT_XFER,76169.59,,
DEBIT,06/09/2025,"FEDEX         00011007 800-4633339 TN        06/06",-9.75,DEBIT_CARD,77669.59,,
CREDIT,06/09/2025,"ORIG CO NAME:TSYS/TRANSFIRST        ORIG ID:WFBTRANSF1 DESC DATE:250606 CO ENTRY DESCR:CR CD DEP SEC:CCD    TRACE#:043305135874690 EED:250609   IND ID:543684556033333              IND NAME:ICAR LIFESTYLE             5436845560333337ICAR LIFESTYLE            CR CD DEP 060925 TRN: 1605874690TC",500.00,ACH_CREDIT,77679.34,,
DEBIT,06/06/2025,"DOMESTIC WIRE TRANSFER VIA: GBC INTL BANK LA/122235902 A/C: JTE GLOBAL TRADINGS & INVESTMENT IMAD: 0606MMQFMP2L031263 TRN: 3701635157ES 06/06",-250000.00,WIRE_OUTGOING,77179.34,,
DEBIT,06/06/2025,"ORIG CO NAME:NEXTGEAR PAYMENT       ORIG ID:1260401907 DESC DATE:060525 CO ENTRY DESCR:PAYMENT   SEC:CCD    TRACE#:091000015309650 EED:250606   IND ID:155929                       IND NAME:ICAR LIFESTYLE TRN: 1575309650TC",-37830.70,ACH_DEBIT,327179.34,,
DEBIT,06/06/2025,"Zelle payment to zhenxi Jin JPM99bb55hou",-1000.00,CHASE_TO_PARTNERFI,365010.04,,
CHECK,06/05/2025,"CHECK 1042  ",-6700.00,CHECK_PAID,366010.04,1042,
DEBIT,06/05/2025,"Zelle payment to Icar 25025880476",-3605.00,QUICKPAY_DEBIT,372710.04,,
DEBIT,06/05/2025,"ORIG CO NAME:CARFAX                 ORIG ID:1251465303 DESC DATE:060425 CO ENTRY DESCR:BT0604    SEC:CCD    TRACE#:111000029572353 EED:250605   IND ID:000000326527000              IND NAME:Attitude D llc                                                                                               CARFAX TRN: 1569572353TC",-1248.00,ACH_DEBIT,376315.04,,
DEBIT,06/05/2025,"ORIG CO NAME:NEXTGEAR PAYMENT       ORIG ID:1260401907 DESC DATE:060425 CO ENTRY DESCR:PAYMENT   SEC:CCD    TRACE#:091000019727057 EED:250605   IND ID:155929                       IND NAME:ICAR LIFESTYLE TRN: 1569727057TC",-38819.35,ACH_DEBIT,377563.04,,
DEBIT,06/05/2025,"ORIG CO NAME:NEXTGEAR PAYMENT       ORIG ID:1260401907 DESC DATE:060425 CO ENTRY DESCR:PAYMENT   SEC:CCD    TRACE#:091000019727056 EED:250605   IND ID:155929                       IND NAME:ICAR LIFESTYLE TRN: 1569727056TC",-47230.15,ACH_DEBIT,416382.39,,
DEBIT,06/05/2025,"Zelle payment to redline JPM99bazsie7",-753.00,CHASE_TO_PARTNERFI,463612.54,,
CREDIT,06/05/2025,"Zelle payment from ICAR EXOTICS 25025913553",105.00,QUICKPAY_CREDIT,464365.54,,
CREDIT,06/05/2025,"ORIG CO NAME: MANHEIM US            ORIG ID:1582577037 DESC DATE:       CO ENTRY DESCR:ACH PAYMNTSEC:CCD    TRACE#:091000019361422 EED:250605   IND ID:17016083                     IND NAME:ICAR LIFESTYLE                                                                                               5872350 TRN: 1569361422TC",35300.00,ACH_CREDIT,464260.54,,
DEBIT,06/04/2025,"Zelle payment to Wentao JPM99baz6c49",-70.00,CHASE_TO_PARTNERFI,428960.54,,
CREDIT,06/04/2025,"ORIG CO NAME:TSYS/TRANSFIRST        ORIG ID:WFBTRANSF1 DESC DATE:250603 CO ENTRY DESCR:CR CD DEP SEC:CCD    TRACE#:043305131359444 EED:250604   IND ID:543684556033333              IND NAME:ICAR LIFESTYLE             5436845560333337ICAR LIFESTYLE            CR CD DEP 060425 TRN: 1551359444TC",3605.00,ACH_CREDIT,429030.54,,
CREDIT,06/04/2025,"FEDWIRE CREDIT VIA: TD BANK, NA/031101266 B/O: NEW YORK AUTO DEPOT INC HIGHLAND PARK, NJ 08904-3766 REF: CHASE NYC/CTR/BNF=ATTITUDE D LLC ARCADIA CA 91007-2839 US/AC-000000009 120 RFB=NOTPROVIDED OBI=2021 AMGGT5 3 040531 BBI=/OCMT/USD62500,00/ IMAD: 0604MMQFMPYQ005471 TRN: 0955131155FF",62500.00,WIRE_INCOMING,425425.54,,
CREDIT,06/04/2025,"BOOK TRANSFER CREDIT B/O: WISE US, INC. NEW YORK NY 10010- US REF: SENT VIA WISE -WR TRN: 2464600155JO",70000.00,WIRE_INCOMING,362925.54,,
CHECK,06/03/2025,"CHECK 1044  ",-21725.00,CHECK_PAID,292925.54,1044,
DEBIT,06/03/2025,"Zelle payment to Marlon 25001089214",-420.00,QUICKPAY_DEBIT,314650.54,,
DEBIT,06/03/2025,"ORIG CO NAME:CA DEPT TAX FEE        ORIG ID:2822162215 DESC DATE:250602 CO ENTRY DESCR:CDTFA EPMTSEC:CCD    TRACE#:042000012593200 EED:250603   IND ID:21317366                     IND NAME:ICAR LIFESTYLE TRN: 1542593200TC",-6267.00,ACH_DEBIT,315070.54,,
DEBIT,06/03/2025,"Online Transfer to CHK ...9383 transaction#: 24994308190 06/03",-135.00,ACCT_XFER,321337.54,,
CREDIT,06/03/2025,"ORIG CO NAME: MANHEIM US            ORIG ID:1582577037 DESC DATE:       CO ENTRY DESCR:ACH PAYMNTSEC:CCD    TRACE#:091000015897050 EED:250603   IND ID:17002403                     IND NAME:ICAR LIFESTYLE                                                                                               5869793 TRN: 1545897050TC",308100.00,ACH_CREDIT,321472.54,,
DEBIT,06/02/2025,"Zelle payment to RENYAO JPM99bar04d3",-510.00,CHASE_TO_PARTNERFI,13372.54,,
DEBIT,06/02/2025,"ORIG CO NAME:INTUIT 62249541        ORIG ID:4462800242 DESC DATE:250602 CO ENTRY DESCR:TAX       SEC:CCD    TRACE#:111000026366353 EED:250602   IND ID:18973767                     IND NAME:ATTITUDE D LLC TRN: 1536366353TC",-396.58,ACH_DEBIT,13882.54,,
DEBIT,06/02/2025,"ORIG CO NAME:INTUIT 61182494        ORIG ID:4462800242 DESC DATE:250602 CO ENTRY DESCR:PAYROLL   SEC:CCD    TRACE#:111000026367278 EED:250602   IND ID:18973767                     IND NAME:ATTITUDE D LLC TRN: 1536367278TC",-2150.89,ACH_DEBIT,14279.12,,
DEBIT,06/02/2025,"Zelle payment to Icar 24598346908",-2500.00,QUICKPAY_DEBIT,16430.01,,
CHECK,06/02/2025,"CHECK 1038  ",-11511.64,CHECK_PAID,18930.01,1038,
DEBIT,06/02/2025,"FEDEX         00011007 800-4633339 TN        05/30",-9.75,DEBIT_CARD,30441.65,,
CHECK,05/30/2025,"CHECK 1043  ",-3080.00,CHECK_PAID,30451.40,1043,
DEBIT,05/30/2025,"Zelle payment to Temper Media LLC 24955911414",-2861.00,QUICKPAY_DEBIT,33531.40,,
DEBIT,05/30/2025,"ORIG CO NAME:INTUIT 17745468        ORIG ID:4462800242 DESC DATE:250530 CO ENTRY DESCR:TAX       SEC:CCD    TRACE#:111000023997376 EED:250530   IND ID:18973767                     IND NAME:ATTITUDE D LLC TRN: 1503997376TC",-209.83,ACH_DEBIT,36392.40,,
DEBIT,05/30/2025,"ORIG CO NAME:INTUIT 60659198        ORIG ID:4462800242 DESC DATE:250530 CO ENTRY DESCR:PAYROLL   SEC:CCD    TRACE#:111000023893728 EED:250530   IND ID:18973767                     IND NAME:ATTITUDE D LLC TRN: 1503893728TC",-2064.05,ACH_DEBIT,36602.23,,
DEBIT,05/30/2025,"ONLINE DOMESTIC WIRE TRANSFER VIA: GBC INTL BANK LA/122235902 A/C: JTE GLOBAL AZUSA CA 91702 US REF: RR IMAD: 0530MMQFMP2M015098 TRN: 3280225150ES 05/30",-50000.00,WIRE_OUTGOING,38666.28,,
CREDIT,05/30/2025,"Zelle payment from ICAR EXOTICS 24956012925",150.00,QUICKPAY_CREDIT,88666.28,,
CREDIT,05/30/2025,"Zelle payment from ICAR EXOTICS 24955902710",1000.00,QUICKPAY_CREDIT,88516.28,,
DEBIT,05/29/2025,"WITHDRAWAL 05/29",-13000.00,MISC_DEBIT,87516.28,,
DEBIT,05/29/2025,"Zelle payment to transport JPM99ba57gu5",-300.00,CHASE_TO_PARTNERFI,100516.28,,
DEBIT,05/29/2025,"ORIG CO NAME:MANHEIM                ORIG ID:1581936030 DESC DATE:       CO ENTRY DESCR:ACH PAYMNTSEC:CCD    TRACE#:091000019455175 EED:250529   IND ID:ACH6382866                   IND NAME:ICAR LIFESTYLE             INV#90133728  \5512120    WDDZF8KB0 KA58792219MERCEE-CLA TRN: 1499455175TC",-373.00,ACH_DEBIT,100816.28,,
DEBIT,05/29/2025,"ORIG CO NAME:NOWCOM, LLC            ORIG ID:1911718107 DESC DATE:       CO ENTRY DESCR:DEALERCNTRSEC:CCD    TRACE#:104000016487906 EED:250529   IND ID:M121052010121                IND NAME:ATTITUDE D LLC TRN: 1496487906TC",-514.68,ACH_DEBIT,101189.28,,
CREDIT,05/29/2025,"ORIG CO NAME: MANHEIM US            ORIG ID:1582577037 DESC DATE:       CO ENTRY DESCR:ACH PAYMNTSEC:CCD    TRACE#:091000019477765 EED:250529   IND ID:16976962                     IND NAME:ICAR LIFESTYLE                                                                                               5866530 TRN: 1499477765TC",47845.00,ACH_CREDIT,101703.96,,
DSLIP,05/29/2025,"DEPOSIT  ID NUMBER 455421",15825.19,DEPOSIT,53858.96,,
CREDIT,05/29/2025,"FEDWIRE CREDIT VIA: CHOICE FINANCIAL GROUP/091311229 B/O: C9 SOLUTION HOUSE ATLANTA GA 30349 REF: CHASE NYC/CTR/BNF=ATTITUDE D LLC ARCADIA CA 91007-2839 US/AC-000000009 120 RFB=O/B CHOICEFIN OBI=DEPOSIT F OR VIN JTJDY7AX8M4340197 - BALANCE PAID AT SIGNING 05/30 IMAD: 0529MMQFMP4S000876 TRN: 0638551149FF",6500.00,WIRE_INCOMING,38033.77,,
CREDIT,05/29/2025,"FEDWIRE CREDIT VIA: REGIONS BANK/062005690 B/O: LENDBUZZ FUNDING WIRES ACCOUNT BOSTON MA 02110 REF: CHASE NYC/CTR/BNF=ATTITUDE D LLC ARCADIA CA 91007-2839 US/AC-000000009 120 RFB=2505291120120099 OBI=WA1AHA F79KD046486 : 1698597 BBI=/BNF/3852 44X1698597 IMAD: 0529F2QCZ00C002268 TRN: 0846461149FF",24905.00,WIRE_INCOMING,31533.77,,
CHECK,05/28/2025,"CHECK 1045  ",-32500.00,CHECK_PAID,6628.77,1045,
DEBIT,05/28/2025,"Zelle payment to spark JPM99ba0i6e4",-1200.00,CHASE_TO_PARTNERFI,39128.77,,
DEBIT,05/28/2025,"ORIG CO NAME:IPFS866-412-6739       ORIG ID:0AD2424370 DESC DATE:       CO ENTRY DESCR:IPFSPMTWASSEC:CCD    TRACE#:101000014866625 EED:250528   IND ID:561402                       IND NAME:ATTITUDE D LLC                                                                                               GDxLk2vV TRN: 1484866625TC",-837.88,ACH_DEBIT,40328.77,,
CREDIT,05/28/2025,"Zelle payment from SUIJUN MAI 24913676152",500.00,QUICKPAY_CREDIT,41166.65,,
CREDIT,05/28/2025,"Zelle payment from ICAR EXOTICS 24919871704",15000.00,QUICKPAY_CREDIT,40666.65,,
CHECK,05/27/2025,"CHECK 1040  ",-5.00,CHECK_PAID,25666.65,1040,
DEBIT,05/27/2025,"ORIG CO NAME:CA DMV                 ORIG ID:9049042292 DESC DATE:250524 CO ENTRY DESCR:ECHECK    SEC:CCD    TRACE#:043305139716260 EED:250527   IND ID:043000091203822              IND NAME:1400310000038521286427                                                                                       TELECHK 800-697-9263 TRN: 1479716260TC",-54.00,ACH_DEBIT,25671.65,,
CREDIT,05/27/2025,"ORIG CO NAME:TSYS/TRANSFIRST        ORIG ID:WFBTRANSF1 DESC DATE:250525 CO ENTRY DESCR:CR CD DEP SEC:CCD    TRACE#:043305139164020 EED:250527   IND ID:543684556033333              IND NAME:ICAR LIFESTYLE             5436845560333337ICAR LIFESTYLE            CR CD DEP 052725 TRN: 1479164020TC",5600.00,ACH_CREDIT,25725.65,,
DEBIT,05/23/2025,"Zelle payment to zhenxi Jin JPM99b9jc0yt",-1000.00,CHASE_TO_PARTNERFI,20125.65,,
DEBIT,05/23/2025,"Zelle payment to Marlon 24874022906",-150.00,QUICKPAY_DEBIT,21125.65,,
DEBIT,05/23/2025,"Zelle payment to ULTIMATE PRINTING INC 24873892388",-68.00,QUICKPAY_DEBIT,21275.65,,
DEBIT,05/23/2025,"DOMESTIC WIRE TRANSFER VIA: US BK CA AUB/121122676 A/C: LMSD LLC IMAD: 0523MMQFMP2N027024 TRN: 3551155143ES 05/23",-83175.00,WIRE_OUTGOING,21343.65,,
DEBIT,05/23/2025,"Zelle payment to wsc 24869765124",-300.00,QUICKPAY_DEBIT,104518.65,,
DEBIT,05/23/2025,"ORIG CO NAME:Elite Warranty         ORIG ID:1201681064 DESC DATE:       CO ENTRY DESCR:Service   SEC:WEB    TRACE#:242071759812736 EED:250523   IND ID:                             IND NAME:iCar Lifestyle                                                                                               8014897288 TRN: 1439812736TC",-2620.00,ACH_DEBIT,104818.65,,
DEBIT,05/23/2025,"CENTRALDISPATCH.COM 858-259-6084 NY          05/22",-139.95,DEBIT_CARD,107438.65,,
DEBIT,05/22/2025,"ORIG CO NAME:ALPHA WARRANTY S       ORIG ID:1201626764 DESC DATE:210525 CO ENTRY DESCR:ZM ACH    SEC:CCD    TRACE#:041001036376805 EED:250522   IND ID:DL19057                      IND NAME:attitude d llc                                                                                               AWS ZOOM ACH TRN: 1426376805TC",-882.00,ACH_DEBIT,107578.60,,
DEBIT,05/22/2025,"ORIG CO NAME:INTUIT 78896949        ORIG ID:4462800242 DESC DATE:250522 CO ENTRY DESCR:TAX       SEC:CCD    TRACE#:111000029934084 EED:250522   IND ID:18973767                     IND NAME:ATTITUDE D LLC TRN: 1429934084TC",-1119.59,ACH_DEBIT,108460.60,,
DEBIT,05/22/2025,"ORIG CO NAME:NEXTGEAR PAYMENT       ORIG ID:1260401907 DESC DATE:052125 CO ENTRY DESCR:PAYMENT   SEC:CCD    TRACE#:091000019920885 EED:250522   IND ID:155929                       IND NAME:ICAR LIFESTYLE TRN: 1429920885TC",-48452.62,ACH_DEBIT,109580.19,,
DEBIT,05/22/2025,"FEDEX490614457 800-4633339 TN                05/21",-48.84,DEBIT_CARD,158032.81,,
CREDIT,05/22/2025,"FEDWIRE CREDIT VIA: OREGON STATE CREDIT UNION/323274270 B/O: SYNERGIZE AUTO LLC 260 S MAIN ST REF: CHASE NYC/CTR/BNF=ATTITUDE D LLC ARCADIA CA 91007-2839 US/AC-000000009 120 RFB=O/B OREGON STATE OBI=VEHICH LE PURCHASE IMAD: 0522QMGFT003000717 TRN: 0834521142FF",10750.00,WIRE_INCOMING,158081.65,,
CHECK,05/21/2025,"CHECK 1039  ",-23079.72,CHECK_PAID,147331.65,1039,
DEBIT,05/21/2025,"WITHDRAWAL 05/21",-57000.00,MISC_DEBIT,170411.37,,
DEBIT,05/21/2025,"Zelle payment to wsc 24845638423",-180.00,QUICKPAY_DEBIT,227411.37,,
DEBIT,05/21/2025,"ORIG CO NAME:MANHEIM                ORIG ID:1581936030 DESC DATE:       CO ENTRY DESCR:ACH PAYMNTSEC:CCD    TRACE#:091000013912653 EED:250521   IND ID:ACH6357456                   IND NAME:ICAR LIFESTYLE             INV#3201002   \5512120    JTHHP5BC9 F500341315LEXUSRC TRN: 1413912653TC",-255.00,ACH_DEBIT,227591.37,,
DEBIT,05/21/2025,"FEDEX490259178 800-4633339 TN                05/20",-86.55,DEBIT_CARD,227846.37,,
DSLIP,05/21/2025,"DEPOSIT  ID NUMBER 889556",22300.07,DEPOSIT,227932.92,,
DEBIT,05/20/2025,"ORIG CO NAME:INTUIT 14592508        ORIG ID:4462800242 DESC DATE:250520 CO ENTRY DESCR:TAX       SEC:CCD    TRACE#:111000025539777 EED:250520   IND ID:18973767                     IND NAME:ATTITUDE D LLC TRN: 1405539777TC",-148.99,ACH_DEBIT,205632.85,,
DEBIT,05/20/2025,"ORIG CO NAME:INTUIT 87011179        ORIG ID:4462800242 DESC DATE:250520 CO ENTRY DESCR:TAX       SEC:CCD    TRACE#:111000025539749 EED:250520   IND ID:18973767                     IND NAME:ATTITUDE D LLC TRN: 1405539749TC",-1043.05,ACH_DEBIT,205781.84,,
CREDIT,05/20/2025,"ORIG CO NAME: MANHEIM US            ORIG ID:1582577037 DESC DATE:       CO ENTRY DESCR:ACH PAYMNTSEC:CCD    TRACE#:091000016727866 EED:250520   IND ID:16933274                     IND NAME:ICAR LIFESTYLE                                                                                               5858642 TRN: 1406727866TC",83175.00,ACH_CREDIT,206824.89,,
CREDIT,05/20/2025,"ATM CHECK DEPOSIT 05/20 60 E HUNTINGTON DR ARCADIA CA",47040.55,ATM_DEPOSIT,123649.89,,
CREDIT,05/20/2025,"ATM CHECK DEPOSIT 05/20 60 E HUNTINGTON DR ARCADIA CA",47511.75,ATM_DEPOSIT,76609.34,,
DEBIT,05/19/2025,"Zelle payment to Yi Wang 24827172157",-5000.00,QUICKPAY_DEBIT,29097.59,,
DEBIT,05/19/2025,"Zelle payment to redline JPM99b91wnkb",-750.00,CHASE_TO_PARTNERFI,34097.59,,
DEBIT,05/19/2025,"ORIG CO NAME:INTUIT 38367660        ORIG ID:4462800242 DESC DATE:250519 CO ENTRY DESCR:TAX       SEC:CCD    TRACE#:111000025796989 EED:250519   IND ID:18973767                     IND NAME:ATTITUDE D LLC TRN: 1395796989TC",-413.59,ACH_DEBIT,34847.59,,
DEBIT,05/19/2025,"ORIG CO NAME:INTUIT 59959197        ORIG ID:4462800242 DESC DATE:250519 CO ENTRY DESCR:PAYROLL   SEC:CCD    TRACE#:111000025798002 EED:250519   IND ID:18973767                     IND NAME:ATTITUDE D LLC TRN: 1395798002TC",-1343.45,ACH_DEBIT,35261.18,,
DEBIT,05/19/2025,"Zelle payment to redline JPM99b9168qw",-67.00,CHASE_TO_PARTNERFI,36604.63,,
DSLIP,05/19/2025,"REMOTE ONLINE DEPOSIT #          1",1500.00,CHECK_DEPOSIT,36671.63,1,
DEBIT,05/16/2025,"Zelle payment to anna wu 24793808591",-70.00,QUICKPAY_DEBIT,35171.63,,
DEBIT,05/16/2025,"DOMESTIC WIRE TRANSFER VIA: EW BK SMRINO/322070381 A/C: YI YONG LAM REF: LAMBORGHINI URUS IMAD: 0516MMQFMP2M031208 TRN: 3660405136ES 05/16",-178265.00,WIRE_OUTGOING,35241.63,,
CHECK,05/16/2025,"CHECK 1035  ",-3263.02,CHECK_PAID,213506.63,1035,
CREDIT,05/16/2025,"FEDWIRE CREDIT VIA: GBC INTERNATIONAL BANK/122235902 B/O: JTE GLOBAL TRADING & INVESTMENT AZUSA CA 91702-1580 REF: CHASE NYC/CTR/BNF=ATTITUDE D LLC ARCADIA CA 91007-2839 US/AC-000000009 120 RFB=O/B GBC INTL BAN OBI=LOAN T O ICAR LIFESTYLE IMAD: 0516MMQFMPST000009 TRN: 0877431136FF",110000.00,WIRE_INCOMING,216769.65,,
CREDIT,05/16/2025,"FEE REVERSAL",30.00,REFUND_TRANSACTION,106769.65,,
DEBIT,05/15/2025,"Zelle payment to Temper Media LLC 24781801418",-2000.00,QUICKPAY_DEBIT,106739.65,,
DEBIT,05/15/2025,"ATM WITHDRAWAL                       006910  05/1560 E HUNT",-1000.00,ATM,108739.65,,
CHECK,05/15/2025,"CHECK 1041  ",-195.00,CHECK_PAID,109739.65,1041,
DEBIT,05/15/2025,"ORIG CO NAME:INTUIT 60982702        ORIG ID:4462800242 DESC DATE:250515 CO ENTRY DESCR:TAX       SEC:CCD    TRACE#:111000021785195 EED:250515   IND ID:18973767                     IND NAME:ATTITUDE D LLC TRN: 1351785195TC",-627.20,ACH_DEBIT,109934.65,,
DEBIT,05/15/2025,"ORIG CO NAME:INTUIT 59280248        ORIG ID:4462800242 DESC DATE:250515 CO ENTRY DESCR:PAYROLL   SEC:CCD    TRACE#:111000020862985 EED:250515   IND ID:18973767                     IND NAME:ATTITUDE D LLC TRN: 1350862985TC",-2064.05,ACH_DEBIT,110561.85,,
DEBIT,05/15/2025,"Zelle payment to Marlon 24769832710",-150.00,QUICKPAY_DEBIT,112625.90,,
DSLIP,05/15/2025,"DEPOSIT  ID NUMBER 455278",9500.00,DEPOSIT,112775.90,,
DEBIT,05/14/2025,"Zelle payment to Ji hvk JPM99b8g1y0e",-680.00,CHASE_TO_PARTNERFI,103275.90,,
DEBIT,05/14/2025,"Zelle payment to A star 24764435451",-350.00,QUICKPAY_DEBIT,103955.90,,
DEBIT,05/14/2025,"WITHDRAWAL 05/14",-2000.00,MISC_DEBIT,104305.90,,
DEBIT,05/14/2025,"Zelle payment to sergio JPM99b8d6njd",-150.00,CHASE_TO_PARTNERFI,106305.90,,
DEBIT,05/14/2025,"Zelle payment to Vladyslav JPM99b8cysz4",-800.00,CHASE_TO_PARTNERFI,106455.90,,
CREDIT,05/14/2025,"Zelle payment from Yibo Jia USBtoRKnvUvI",500.00,PARTNERFI_TO_CHASE,107255.90,,
DEBIT,05/14/2025,"CENTRALDISPATCH.COM NEW HYDE PARK NY         05/13",199.95,DEBIT_CARD,106755.90,,
CHECK,05/13/2025,"CHECK 1036  ",-920.28,CHECK_PAID,106555.95,1036,
CHECK,05/13/2025,"CHECK 1037  ",-11988.36,CHECK_PAID,107476.23,1037,
DEBIT,05/12/2025,"Zelle payment to Icar 24744453938",-1310.00,QUICKPAY_DEBIT,119464.59,,
DEBIT,05/12/2025,"Zelle payment to Alex JPM99b88rj8c",-1000.00,CHASE_TO_PARTNERFI,120774.59,,
DEBIT,05/12/2025,"Same-Day ACH Payment 11172296301 to JTE (_####3707)",-50425.00,ACH_PAYMENT,121774.59,,
DEBIT,05/12/2025,"ORIG CO NAME:AMERICAN EXPRESS       ORIG ID:9493560001 DESC DATE:250512 CO ENTRY DESCR:ACH PMT   SEC:CCD    TRACE#:021000027337654 EED:250512   IND ID:A8280                        IND NAME:SHANGQI LI                                                                                                   AM TRN: 1327337654TC",-3999.60,ACH_DEBIT,172199.59,,
DEBIT,05/12/2025,"Zelle payment to wsc 24724814874",-800.00,QUICKPAY_DEBIT,176199.19,,
DEBIT,05/12/2025,"ORIG CO NAME:TSYS/TRANSFIRST        ORIG ID:WFBTRANSF1 DESC DATE:250430 CO ENTRY DESCR:MERCH FEESSEC:CCD    TRACE#:043305134883547 EED:250512   IND ID:543684556033333              IND NAME:ICAR LIFESTYLE TRN: 1324883547TC",-83.75,ACH_DEBIT,176999.19,,
CHECK,05/09/2025,"CHECK 1033  ",-1350.00,CHECK_PAID,177082.94,1033,
CHECK,05/09/2025,"CHECK 1034  ",-1000.00,CHECK_PAID,178432.94,1034,
DEBIT,05/09/2025,"Zelle payment to aldo JPM99b7rd0uw",-250.00,CHASE_TO_PARTNERFI,179432.94,,
DEBIT,05/09/2025,"FEDEX489461133 800-4633339 TN                05/08",-9.75,DEBIT_CARD,179682.94,,
DEBIT,05/08/2025,"ORIG CO NAME:CARFAX                 ORIG ID:1251465303 DESC DATE:050725 CO ENTRY DESCR:BT0507    SEC:CCD    TRACE#:111000025334974 EED:250508   IND ID:000000323419208              IND NAME:Attitude D llc                                                                                               CARFAX TRN: 1285334974TC",-874.58,ACH_DEBIT,179692.69,,
DEBIT,05/08/2025,"FEDEX489383100 800-4633339 TN                05/07",-9.75,DEBIT_CARD,180567.27,,
CREDIT,05/08/2025,"Zelle payment from John Hatchett USAN5BFQYZ7U",500.00,PARTNERFI_TO_CHASE,180577.02,,
CREDIT,05/08/2025,"ORIG CO NAME:NEXTGEAR FUNDING       ORIG ID:1201990165 DESC DATE:050725 CO ENTRY DESCR:FUNDING   SEC:CCD    TRACE#:091000013076922 EED:250508   IND ID:155929                       IND NAME:ICAR LIFESTYLE TRN: 1283076922TC",38000.00,ACH_CREDIT,180077.02,,
DEBIT,05/06/2025,"Online Transfer to CHK ...9383 transaction#: 24677920481 05/06",-2100.00,ACCT_XFER,142077.02,,
DEBIT,05/06/2025,"WITHDRAWAL 05/06",-71000.00,MISC_DEBIT,144177.02,,
DEBIT,05/05/2025,"SERVICE CHARGES FOR THE MONTH OF APRIL",-30.00,FEE_TRANSACTION,215177.02,,
DEBIT,05/05/2025,"Online Transfer to CHK ...9383 transaction#: 24662287825 05/05",-125.00,ACCT_XFER,215207.02,,
DEBIT,05/05/2025,"ONLINE DOMESTIC WIRE TRANSFER VIA: GBC INTL BANK LA/122235902 A/C: JTE GLOBAL AZUSA CA 91702 US REF: PAYMENT 392 720S IMAD: 0505MMQFMP2K029026 TRN: 3689375125ES 05/05",-50000.00,WIRE_OUTGOING,215332.02,,
CREDIT,05/05/2025,"ORIG CO NAME:TSYS/TRANSFIRST        ORIG ID:WFBTRANSF1 DESC DATE:250504 CO ENTRY DESCR:CR CD DEP SEC:CCD    TRACE#:043305135376697 EED:250505   IND ID:543684556033333              IND NAME:ICAR LIFESTYLE             5436845560333337ICAR LIFESTYLE            CR CD DEP 050525 TRN: 1255376697TC",2060.00,ACH_CREDIT,265332.02,,
CREDIT,05/05/2025,"ORIG CO NAME: MANHEIM US            ORIG ID:1582577037 DESC DATE:       CO ENTRY DESCR:ACH PAYMNTSEC:CCD    TRACE#:091000013382858 EED:250505   IND ID:16850892                     IND NAME:ICAR LIFESTYLE                                                                                               5844002 TRN: 1253382858TC",26300.00,ACH_CREDIT,263272.02,,
CREDIT,05/02/2025,"ORIG CO NAME: MANHEIM US            ORIG ID:1582577037 DESC DATE:       CO ENTRY DESCR:ACH PAYMNTSEC:CCD    TRACE#:091000010940254 EED:250502   IND ID:16838792                     IND NAME:ICAR LIFESTYLE                                                                                               5842618 TRN: 1220940254TC",181765.00,ACH_CREDIT,236972.02,,
CREDIT,05/02/2025,"FEDWIRE CREDIT VIA: REGIONS BANK/062005690 B/O: LENDBUZZ FUNDING WIRES ACCOUNT BOSTON MA 02110 REF: CHASE NYC/CTR/BNF=ATTITUDE D LLC ARCADIA CA 91007-2839 US/AC-000000009 120 RFB=2505011537150064 OBI=4JGFB4 KB4LA074090 : 1632283 BBI=/BNF/3712 34X1632283 IMAD: 0502F2QCZ00C000240 TRN: 0208761122FF",26889.00,WIRE_INCOMING,55207.02,,
DEBIT,05/01/2025,"Zelle payment to Marlon 24606719689",-140.00,QUICKPAY_DEBIT,28318.02,,
DEBIT,05/01/2025,"ORIG CO NAME:Westlake Floorin       ORIG ID:1352426469 DESC DATE:043025 CO ENTRY DESCR:PAYABLES  SEC:CCD    TRACE#:122232106730541 EED:250501   IND ID:100499447                    IND NAME:ICAR Lifestyle             100499447 ,ICAR Lifestyle      ,VIN :JTHHP5BC9F5003413 ,2015-Lexus-RC             DYNAMIC EFT TRN: 1216730541TC",-4230.00,ACH_DEBIT,28458.02,,
DEBIT,05/01/2025,"Zelle payment to Icar 24250349728",-2500.00,QUICKPAY_DEBIT,32688.02,,
CHECK,04/30/2025,"CHECK 1020  ",-2842.00,CHECK_PAID,35188.02,1020,
DEBIT,04/30/2025,"ORIG CO NAME:INTUIT 15445023        ORIG ID:4462800242 DESC DATE:250430 CO ENTRY DESCR:TAX       SEC:CCD    TRACE#:111000020539875 EED:250430   IND ID:18973767                     IND NAME:ATTITUDE D LLC TRN: 1200539875TC",-364.08,ACH_DEBIT,38030.02,,
DEBIT,04/30/2025,"ORIG CO NAME:INTUIT 58419498        ORIG ID:4462800242 DESC DATE:250430 CO ENTRY DESCR:PAYROLL   SEC:CCD    TRACE#:111000020540755 EED:250430   IND ID:18973767                     IND NAME:ATTITUDE D LLC TRN: 1200540755TC",-1230.97,ACH_DEBIT,38394.10,,
DEBIT,04/30/2025,"ORIG CO NAME:INTUIT 83740219        ORIG ID:4462800242 DESC DATE:250430 CO ENTRY DESCR:TAX       SEC:CCD    TRACE#:111000025858222 EED:250430   IND ID:18973767                     IND NAME:ATTITUDE D LLC TRN: 1205858222TC",-627.20,ACH_DEBIT,39625.07,,
DEBIT,04/30/2025,"ORIG CO NAME:Westlake Floorin       ORIG ID:1352426469 DESC DATE:042925 CO ENTRY DESCR:PAYABLES  SEC:CCD    TRACE#:122232105831924 EED:250430   IND ID:100499447                    IND NAME:ICAR Lifestyle             100499447 ,ICAR Lifestyle      ,VIN :5UXTA6C00P9P55856 ,2023-BMW-X5               DYNAMIC EFT TRN: 1205831924TC",-32074.35,ACH_DEBIT,40252.27,,
DEBIT,04/30/2025,"ORIG CO NAME:INTUIT 57899189        ORIG ID:4462800242 DESC DATE:250430 CO ENTRY DESCR:PAYROLL   SEC:CCD    TRACE#:111000024894367 EED:250430   IND ID:18973767                     IND NAME:ATTITUDE D LLC TRN: 1204894367TC",-2064.05,ACH_DEBIT,72326.62,,
DEBIT,04/30/2025,"ORIG CO NAME:CA DEPT TAX FEE        ORIG ID:2822162215 DESC DATE:250429 CO ENTRY DESCR:CDTFA EPMTSEC:CCD    TRACE#:042000015092334 EED:250430   IND ID:20949680                     IND NAME:ICAR LIFESTYLE TRN: 1205092334TC",-4604.00,ACH_DEBIT,74390.67,,
DEBIT,04/30/2025,"Zelle payment to shuai chen JPM99b6l8wqs",-500.00,CHASE_TO_PARTNERFI,78994.67,,
DEBIT,04/30/2025,"FEDEX488618327 800-4633339 TN                04/29",-9.75,DEBIT_CARD,79494.67,,
CREDIT,04/30/2025,"FEDWIRE CREDIT VIA: REGIONS BANK/062005690 B/O: LENDBUZZ FUNDING WIRES ACCOUNT BOSTON MA 02110 REF: CHASE NYC/CTR/BNF=ATTITUDE D LLC ARCADIA CA 91007-2839 US/AC-000000009 120 RFB=2504301519270053 OBI=5TDYRK EC8NS085049 : 1618221 BBI=/BNF/3712 30X1618221 IMAD: 0430F2QCZ00C004838 TRN: 1473871120FF",30537.17,WIRE_INCOMING,79504.42,,
DEBIT,04/29/2025,"ORIG CO NAME:NEXTGEAR PAYMENT       ORIG ID:1260401907 DESC DATE:042825 CO ENTRY DESCR:PAYMENT   SEC:CCD    TRACE#:091000013454041 EED:250429   IND ID:155929                       IND NAME:ICAR LIFESTYLE TRN: 1193454041TC",-211.40,ACH_DEBIT,48967.25,,
DEBIT,04/29/2025,"ORIG CO NAME:MANHEIM                ORIG ID:1581936030 DESC DATE:       CO ENTRY DESCR:ACH PAYMNTSEC:CCD    TRACE#:091000018119282 EED:250429   IND ID:ACH6292497                   IND NAME:ICAR LIFESTYLE             INV#89001350  \5512120    1GYS3KKL1 PR29270023CADILESCAL TRN: 1198119282TC",-355.00,ACH_DEBIT,49178.65,,
DEBIT,04/29/2025,"ORIG CO NAME:NOWCOM, LLC            ORIG ID:1911718107 DESC DATE:       CO ENTRY DESCR:DEALERCNTRSEC:CCD    TRACE#:104000016211981 EED:250429   IND ID:M120999624504                IND NAME:ATTITUDE D LLC TRN: 1196211981TC",-481.01,ACH_DEBIT,49533.65,,
DEBIT,04/29/2025,"ORIG CO NAME:IPFS866-412-6739       ORIG ID:0AD2424370 DESC DATE:       CO ENTRY DESCR:IPFSPMTWASSEC:CCD    TRACE#:101000018346182 EED:250429   IND ID:561402                       IND NAME:ATTITUDE D LLC                                                                                               GDxLk2vV TRN: 1198346182TC",-590.18,ACH_DEBIT,50014.66,,
CREDIT,04/29/2025,"ORIG CO NAME: MANHEIM US            ORIG ID:1582577037 DESC DATE:       CO ENTRY DESCR:ACH PAYMNTSEC:CCD    TRACE#:091000018603134 EED:250429   IND ID:16818104                     IND NAME:ICAR LIFESTYLE                                                                                               5838417 TRN: 1198603134TC",32475.00,ACH_CREDIT,50604.84,,
DEBIT,04/28/2025,"Zelle payment to uni prime JPM99b6gv02v",-270.00,CHASE_TO_PARTNERFI,18129.84,,
CHECK,04/28/2025,"CHECK 1032  ",-9000.00,CHECK_PAID,18399.84,1032,
DSLIP,04/28/2025,"DEPOSIT  ID NUMBER 890014",4575.10,DEPOSIT,27399.84,,
DEBIT,04/25/2025,"Zelle payment to A star 24542650782",-600.00,QUICKPAY_DEBIT,22824.74,,
DEBIT,04/25/2025,"Zelle payment to tianwei wang 24540019524",-500.00,QUICKPAY_DEBIT,23424.74,,
DEBIT,04/25/2025,"Zelle payment to Marlon 24529275208",-150.00,QUICKPAY_DEBIT,23924.74,,
DSLIP,04/25/2025,"DEPOSIT  ID NUMBER 765482",4213.90,DEPOSIT,24074.74,,
DEBIT,04/24/2025,"ORIG CO NAME:Westlake Floorin       ORIG ID:1352426469 DESC DATE:042325 CO ENTRY DESCR:PAYABLES  SEC:CCD    TRACE#:122232102881769 EED:250424   IND ID:100499447                    IND NAME:ICAR Lifestyle             100499447 ,ICAR Lifestyle      ,Aud it Fee 2025/04/08 00:00:00.000                DYNAMIC EFT TRN: 1142881769TC",-125.00,ACH_DEBIT,19860.84,,
DEBIT,04/24/2025,"ORIG CO NAME:Westlake Floorin       ORIG ID:1352426469 DESC DATE:042325 CO ENTRY DESCR:PAYABLES  SEC:CCD    TRACE#:122232102881743 EED:250424   IND ID:100499447                    IND NAME:ICAR Lifestyle             100499447 ,ICAR Lifestyle      ,VIN :5TDYRKEC8NS085049 ,2022-Toyota-Sie enna      DYNAMIC EFT TRN: 1142881743TC",-30723.56,ACH_DEBIT,19985.84,,
DEBIT,04/24/2025,"Zelle payment to turon express JPM99b5wqxge",-1300.00,CHASE_TO_PARTNERFI,50709.40,,
DEBIT,04/23/2025,"Zelle payment to Marlon 24515172281",-150.00,QUICKPAY_DEBIT,52009.40,,
DEBIT,04/23/2025,"CENTRALDISPATCH.COM 858-259-6084 NY          04/22",-199.95,DEBIT_CARD,52159.40,,
DEBIT,04/23/2025,"CENTRALDISPATCH.COM 858-259-6084 NY          04/22",-139.95,DEBIT_CARD,52359.35,,
CREDIT,04/23/2025,"Zelle payment from BOLANG LIU 24514394114",400.00,QUICKPAY_CREDIT,52499.30,,
CREDIT,04/23/2025,"Zelle payment from XUAN ZHANG BACkj0mdwz1k",3500.00,PARTNERFI_TO_CHASE,52099.30,,
CHECK,04/22/2025,"CHECK 1031  04/22",-8482.09,CHECK_PAID,48599.30,1031,
DEBIT,04/22/2025,"DOMESTIC WIRE TRANSFER VIA: GBC INTL BANK LA/122235902 A/C: JTE AUTO GROUP REF: MCLAREN 720S IMAD: 0422MMQFMP2N022588 TRN: 3400615112ES 04/22",-150000.00,WIRE_OUTGOING,57081.39,,
DEBIT,04/22/2025,"Zelle payment to vladim JPM99b5r13pq",-750.00,CHASE_TO_PARTNERFI,207081.39,,
DEBIT,04/22/2025,"ORIG CO NAME:Westlake Floorin       ORIG ID:1352426469 DESC DATE:042125 CO ENTRY DESCR:PAYABLES  SEC:CCD    TRACE#:122232106258102 EED:250422   IND ID:100499447                    IND NAME:ICAR Lifestyle             100499447 ,ICAR Lifestyle      ,VIN :5UXTA6C00P9P55856 ,2023-BMW-X5               DYNAMIC EFT TRN: 1126258102TC",-3023.05,ACH_DEBIT,207831.39,,
DEBIT,04/21/2025,"Zelle payment to wsc 24475925820",-2180.00,QUICKPAY_DEBIT,210854.44,,
DEBIT,04/21/2025,"Zelle payment to mingshuo song JPM99b5hb8jx",-1000.00,CHASE_TO_PARTNERFI,213034.44,,
DEBIT,04/21/2025,"FEDEX487832624 800-4633339 TN                04/19",-35.55,DEBIT_CARD,214034.44,,
CREDIT,04/21/2025,"Zelle payment from XUAN ZHANG BACoz9yrcsux",500.00,PARTNERFI_TO_CHASE,214069.99,,
CREDIT,04/21/2025,"ORIG CO NAME:WESTLAKE FINANCI       ORIG ID:2272814169 DESC DATE:041825 CO ENTRY DESCR:PAYABLES  SEC:PPD    TRACE#:091000015623336 EED:250421   IND ID:                             IND NAME:ATTITUDE D LLC TRN: 1115623336TC",46370.86,ACH_CREDIT,213569.99,,
DEBIT,04/18/2025,"Zelle payment to redline JPM99b5bn7hb",-507.00,CHASE_TO_PARTNERFI,167199.13,,
DEBIT,04/17/2025,"Zelle payment to Marlon 24452284836",-150.00,QUICKPAY_DEBIT,167706.13,,
DSLIP,04/17/2025,"DEPOSIT  ID NUMBER 500424",2000.00,DEPOSIT,167856.13,,
DEBIT,04/16/2025,"ORIG CO NAME:INTUIT 54411741        ORIG ID:4462800242 DESC DATE:250416 CO ENTRY DESCR:TAX       SEC:CCD    TRACE#:111000020282505 EED:250416   IND ID:18973767                     IND NAME:ATTITUDE D LLC TRN: 1060282505TC",-424.26,ACH_DEBIT,165856.13,,
DEBIT,04/16/2025,"ORIG CO NAME:INTUIT 57214087        ORIG ID:4462800242 DESC DATE:250416 CO ENTRY DESCR:PAYROLL   SEC:CCD    TRACE#:111000020282799 EED:250416   IND ID:18973767                     IND NAME:ATTITUDE D LLC TRN: 1060282799TC",-1312.74,ACH_DEBIT,166280.39,,
DEBIT,04/16/2025,"ORIG CO NAME:NEXTGEAR PAYMENT       ORIG ID:1260401907 DESC DATE:041525 CO ENTRY DESCR:PAYMENT   SEC:CCD    TRACE#:091000019890797 EED:250416   IND ID:155929                       IND NAME:ICAR LIFESTYLE TRN: 1069890797TC",-27290.27,ACH_DEBIT,167593.13,,
DEBIT,04/15/2025,"ONLINE DOMESTIC WIRE TRANSFER VIA: BK HAPOALIM NYC/026008866 A/C: LENDBUZZ FUNDING LLC BOSTON MA 02110 US REF: WENLI YANG 227623-258505 IMAD: 0415MMQFMP2K029503 TRN: 3595805105ES 04/15",-30517.91,WIRE_OUTGOING,194883.40,,
DEBIT,04/15/2025,"INTERNATIONAL WIRE TRANSFER A/C: CANADIAN IMPERIAL BANK OF COMMERCE TORONTO ON M5L 1-A2 CA BEN:/29083337721 YANG XIONG REF:/LMPD/JIA YI TRN: 3563275105ES 04/15",-16500.00,WIRE_OUTGOING,225401.31,,
DEBIT,04/15/2025,"ORIG CO NAME:INTUIT 02117725        ORIG ID:4462800242 DESC DATE:250415 CO ENTRY DESCR:TAX       SEC:CCD    TRACE#:111000021539771 EED:250415   IND ID:18973767                     IND NAME:ATTITUDE D LLC TRN: 1051539771TC",-627.20,ACH_DEBIT,241901.31,,
DEBIT,04/15/2025,"ORIG CO NAME:INTUIT 56637007        ORIG ID:4462800242 DESC DATE:250415 CO ENTRY DESCR:PAYROLL   SEC:CCD    TRACE#:111000026256549 EED:250415   IND ID:18973767                     IND NAME:ATTITUDE D LLC TRN: 1056256549TC",-2064.05,ACH_DEBIT,242528.51,,
DEBIT,04/15/2025,"Online Transfer to CHK ...9383 transaction#: 24418832393 04/15",-250.00,ACCT_XFER,244592.56,,
DSLIP,04/15/2025,"DEPOSIT  ID NUMBER  95187",22000.00,DEPOSIT,244842.56,,
CHECK,04/14/2025,"CHECK 1029  ",-1000.00,CHECK_PAID,222842.56,1029,
DEBIT,04/14/2025,"ORIG CO NAME:Elite Warranty         ORIG ID:1201681064 DESC DATE:       CO ENTRY DESCR:Service   SEC:WEB    TRACE#:242071756547718 EED:250414   IND ID:                             IND NAME:iCar Lifestyle                                                                                               8014897288 TRN: 1046547718TC",-3580.00,ACH_DEBIT,223842.56,,
CREDIT,04/14/2025,"Zelle payment from BILL LIU 24404484902",1000.00,QUICKPAY_CREDIT,227422.56,,
CREDIT,04/14/2025,"ORIG CO NAME: MANHEIM US            ORIG ID:1582577037 DESC DATE:       CO ENTRY DESCR:ACH PAYMNTSEC:CCD    TRACE#:091000017089236 EED:250414   IND ID:16733491                     IND NAME:ICAR LIFESTYLE                                                                                               5823986 TRN: 1047089236TC",182220.00,ACH_CREDIT,226422.56,,
DEBIT,04/10/2025,"Zelle payment to raad auto JPM99b4e64vs",-300.00,CHASE_TO_PARTNERFI,44202.56,,
DEBIT,04/10/2025,"ORIG CO NAME:TSYS/TRANSFIRST        ORIG ID:WFBTRANSF1 DESC DATE:250331 CO ENTRY DESCR:MERCH FEESSEC:CCD    TRACE#:043305134626076 EED:250410   IND ID:543684556033333              IND NAME:ICAR LIFESTYLE TRN: 1004626076TC",-231.12,ACH_DEBIT,44502.56,,
DEBIT,04/09/2025,"ORIG CO NAME:AMERICAN EXPRESS       ORIG ID:9493560001 DESC DATE:250409 CO ENTRY DESCR:ACH PMT   SEC:CCD    TRACE#:021000024197538 EED:250409   IND ID:A1658                        IND NAME:SHANGQI LI                                                                                                   AM TRN: 0994197538TC",-8457.60,ACH_DEBIT,44733.68,,
DEBIT,04/09/2025,"Zelle payment to embroider JPM99b4a46ap",-240.00,CHASE_TO_PARTNERFI,53191.28,,
DEBIT,04/09/2025,"ORIG CO NAME:CA DEPT TAX FEE        ORIG ID:2822162215 DESC DATE:250408 CO ENTRY DESCR:CDTFA EPMTSEC:CCD    TRACE#:042000015381935 EED:250409   IND ID:20743836                     IND NAME:ICAR LIFESTYLE TRN: 0995381935TC",-6505.26,ACH_DEBIT,53431.28,,
DEBIT,04/08/2025,"WITHDRAWAL 04/08",-18000.00,MISC_DEBIT,59936.54,,
DEBIT,04/08/2025,"ONLINE DOMESTIC WIRE TRANSFER VIA: CATH BK LA/122203950 A/C: MENG HAO DIAMOND BAR CA 91789 US IMAD: 0408MMQFMP2M006621 TRN: 3009135098ES 04/08",-18000.00,WIRE_OUTGOING,77936.54,,
DEBIT,04/07/2025,"CENTRALDISPATCH.COM 858-259-6084 NY          04/04",-60.00,DEBIT_CARD,95936.54,,
DEBIT,04/04/2025,"Zelle payment to carlos 24306849878",-40.00,QUICKPAY_DEBIT,95996.54,,
DEBIT,04/04/2025,"Zelle payment to Janice chen 24306513356",-953.00,QUICKPAY_DEBIT,96036.54,,
DEBIT,04/04/2025,"Zelle payment to zhuang JPM99b3n32di",-1116.00,CHASE_TO_PARTNERFI,96989.54,,
DSLIP,04/04/2025,"REMOTE ONLINE DEPOSIT #          1",1000.00,CHECK_DEPOSIT,98105.54,1,
DEBIT,04/03/2025,"SERVICE CHARGES FOR THE MONTH OF MARCH",-25.00,FEE_TRANSACTION,97105.54,,
DEBIT,04/03/2025,"Zelle payment to A star 24290748893",-650.00,QUICKPAY_DEBIT,97130.54,,
DEBIT,04/03/2025,"Zelle payment to rodriguez JPM99b3lv78a",-550.00,CHASE_TO_PARTNERFI,97780.54,,
DEBIT,04/03/2025,"ORIG CO NAME:NEXTGEAR PAYMENT       ORIG ID:1260401907 DESC DATE:040225 CO ENTRY DESCR:PAYMENT   SEC:CCD    TRACE#:091000019233241 EED:250403   IND ID:155929                       IND NAME:ICAR LIFESTYLE TRN: 0939233241TC",-29051.24,ACH_DEBIT,98330.54,,
CREDIT,04/03/2025,"ORIG CO NAME: MANHEIM US            ORIG ID:1582577037 DESC DATE:       CO ENTRY DESCR:ACH PAYMNTSEC:CCD    TRACE#:091000018791489 EED:250403   IND ID:16677299                     IND NAME:ICAR LIFESTYLE                                                                                               5814159 TRN: 0938791489TC",98975.00,ACH_CREDIT,127381.78,,
DEBIT,04/02/2025,"FEDEX486125623 800-4633339 TN                04/01",-35.55,DEBIT_CARD,28406.78,,
DSLIP,04/02/2025,"DEPOSIT  ID NUMBER 245054",27275.00,DEPOSIT,28442.33,,
DEBIT,04/01/2025,"ORIG CO NAME:INTUIT 56719850        ORIG ID:4462800242 DESC DATE:250401 CO ENTRY DESCR:TAX       SEC:CCD    TRACE#:111000029817822 EED:250401   IND ID:18973767                     IND NAME:ATTITUDE D LLC TRN: 0919817822TC",-625.16,ACH_DEBIT,1167.33,,
DEBIT,04/01/2025,"ORIG CO NAME:INTUIT 55266655        ORIG ID:4462800242 DESC DATE:250401 CO ENTRY DESCR:PAYROLL   SEC:CCD    TRACE#:111000029818068 EED:250401   IND ID:18973767                     IND NAME:ATTITUDE D LLC TRN: 0919818068TC",-1628.48,ACH_DEBIT,1792.49,,
DEBIT,04/01/2025,"Zelle payment to trans 24258662843",-330.00,QUICKPAY_DEBIT,3420.97,,
DEBIT,04/01/2025,"ORIG CO NAME:NEXTGEAR PAYMENT       ORIG ID:1260401907 DESC DATE:033125 CO ENTRY DESCR:PAYMENT   SEC:CCD    TRACE#:091000013767041 EED:250401   IND ID:155929                       IND NAME:ICAR LIFESTYLE TRN: 0913767041TC",-32753.05,ACH_DEBIT,3750.97,,
DEBIT,04/01/2025,"Zelle payment to Icar 23965309157",-2500.00,QUICKPAY_DEBIT,36504.02,,
CREDIT,04/01/2025,"Zelle payment from ICAR EXOTICS 24250573201",3250.00,QUICKPAY_CREDIT,39004.02,,
DEBIT,03/31/2025,"Zelle payment to raad auto JPM99b3817g5",-750.00,CHASE_TO_PARTNERFI,35754.02,,
DEBIT,03/31/2025,"ORIG CO NAME:INTUIT 65676706        ORIG ID:4462800242 DESC DATE:250331 CO ENTRY DESCR:TAX       SEC:CCD    TRACE#:111000028648928 EED:250331   IND ID:18973767                     IND NAME:ATTITUDE D LLC TRN: 0908648928TC",-627.20,ACH_DEBIT,36504.02,,
DEBIT,03/31/2025,"Zelle payment to mingshuo song JPM99b32tx8v",-1000.00,CHASE_TO_PARTNERFI,37131.22,,
DEBIT,03/31/2025,"Zelle payment to carlos 24226722635",-240.00,QUICKPAY_DEBIT,38131.22,,
DEBIT,03/31/2025,"ORIG CO NAME:INTUIT 55329613        ORIG ID:4462800242 DESC DATE:250331 CO ENTRY DESCR:PAYROLL   SEC:CCD    TRACE#:111000023293853 EED:250331   IND ID:18973767                     IND NAME:ATTITUDE D LLC TRN: 0903293853TC",-2064.05,ACH_DEBIT,38371.22,,
CREDIT,03/31/2025,"Online Transfer from CHK ...9383 transaction#: 24244439715",1000.00,ACCT_XFER,40435.27,,
CREDIT,03/31/2025,"ORIG CO NAME:TSYS/TRANSFIRST        ORIG ID:WFBTRANSF1 DESC DATE:250328 CO ENTRY DESCR:CR CD DEP SEC:CCD    TRACE#:043305133432393 EED:250331   IND ID:543684556033333              IND NAME:ICAR LIFESTYLE             5436845560333337ICAR LIFESTYLE            CR CD DEP 033125 TRN: 0903432393TC",2800.00,ACH_CREDIT,39435.27,,
CREDIT,03/31/2025,"ORIG CO NAME: MANHEIM US            ORIG ID:1582577037 DESC DATE:       CO ENTRY DESCR:ACH PAYMNTSEC:CCD    TRACE#:091000013658595 EED:250331   IND ID:16653783                     IND NAME:ICAR LIFESTYLE                                                                                               5810235 TRN: 0903658595TC",20300.00,ACH_CREDIT,36635.27,,
CHECK,03/28/2025,"CHECK 1028  ",-39349.77,CHECK_PAID,16335.27,1028,
DEBIT,03/28/2025,"Zelle payment to redline JPM99b2uslcs",-638.00,CHASE_TO_PARTNERFI,55685.04,,
DEBIT,03/28/2025,"Same-Day ACH Payment 11166966022 to JTE (_####3707)",-48000.00,ACH_PAYMENT,56323.04,,
DEBIT,03/28/2025,"ORIG CO NAME:IPFS866-412-6739       ORIG ID:0AD2424370 DESC DATE:       CO ENTRY DESCR:IPFSPMTWASSEC:CCD    TRACE#:101000013322924 EED:250328   IND ID:561402                       IND NAME:ATTITUDE D LLC                                                                                               GDxLk2vV TRN: 0873322924TC",-590.18,ACH_DEBIT,104323.04,,
DEBIT,03/28/2025,"FEDEX485754964 800-4633339 TN                03/27",-47.55,DEBIT_CARD,104913.22,,
DEBIT,03/27/2025,"Zelle payment to Transportation JPM99b2ph4h2",-300.00,CHASE_TO_PARTNERFI,104960.77,,
DEBIT,03/27/2025,"ORIG CO NAME:NOWCOM, LLC            ORIG ID:1911718107 DESC DATE:       CO ENTRY DESCR:DEALERCNTRSEC:CCD    TRACE#:104000012062839 EED:250327   IND ID:M120945811044                IND NAME:ATTITUDE D LLC TRN: 0862062839TC",-769.49,ACH_DEBIT,105260.77,,
DEBIT,03/27/2025,"FEDEX485506228 800-4633339 TN                03/26",-47.55,DEBIT_CARD,106030.26,,
CREDIT,03/27/2025,"Zelle payment from LANG LI 24201015756",2000.00,QUICKPAY_CREDIT,106077.81,,
CREDIT,03/27/2025,"ORIG CO NAME:WESTLAKE FINANCI       ORIG ID:2272814169 DESC DATE:032625 CO ENTRY DESCR:PAYABLES  SEC:PPD    TRACE#:091000016807956 EED:250327   IND ID:                             IND NAME:ATTITUDE D LLC TRN: 0866807956TC",25727.71,ACH_CREDIT,104077.81,,
DEBIT,03/26/2025,"FEDEX485321156 800-4633339 TN                03/25",-47.55,DEBIT_CARD,78350.10,,
DSLIP,03/26/2025,"DEPOSIT  ID NUMBER 150066",9000.00,DEPOSIT,78397.65,,
DEBIT,03/25/2025,"Zelle payment to ULTIMATE PRINTING INC 24175373183",-131.40,QUICKPAY_DEBIT,69397.65,,
CREDIT,03/25/2025,"Zelle payment from KEI SUM ZHUANG BACg3o0hf8t3",3000.00,PARTNERFI_TO_CHASE,69529.05,,
CREDIT,03/25/2025,"ORIG CO NAME: MANHEIM US            ORIG ID:1582577037 DESC DATE:       CO ENTRY DESCR:ACH PAYMNTSEC:CCD    TRACE#:091000019414783 EED:250325   IND ID:16620470                     IND NAME:ICAR LIFESTYLE                                                                                               5804392 TRN: 0849414783TC",55725.00,ACH_CREDIT,66529.05,,
DEBIT,03/24/2025,"Zelle payment to angel JPM99b29wdw4",-75.00,CHASE_TO_PARTNERFI,10804.05,,
DEBIT,03/24/2025,"CENTRALDISPATCH.COM 858-259-6084 NY          03/22",-139.95,DEBIT_CARD,10879.05,,
DEBIT,03/24/2025,"FEDEX485226036 800-4633339 TN                03/21",-47.55,DEBIT_CARD,11019.00,,
CREDIT,03/24/2025,"Zelle payment from JAL ENTERPRISE INC. 0JJ0RB61VGTG",1000.00,PARTNERFI_TO_CHASE,11066.55,,
DEBIT,03/21/2025,"Zelle payment to Icar 24139894454",-2300.00,QUICKPAY_DEBIT,10066.55,,
DEBIT,03/21/2025,"Zelle payment to Huasheng Llc JPM99b25co23",-2000.00,CHASE_TO_PARTNERFI,12366.55,,
DEBIT,03/21/2025,"Zelle payment to over fracht 24133968041",-700.00,QUICKPAY_DEBIT,14366.55,,
CREDIT,03/21/2025,"ORIG CO NAME:TSYS/TRANSFIRST        ORIG ID:WFBTRANSF1 DESC DATE:250320 CO ENTRY DESCR:CR CD DEP SEC:CCD    TRACE#:043305133962558 EED:250321   IND ID:543684556033333              IND NAME:ICAR LIFESTYLE             5436845560333337ICAR LIFESTYLE            CR CD DEP 032125 TRN: 0803962558TC",2060.00,ACH_CREDIT,15066.55,,
DEBIT,03/20/2025,"Zelle payment to JACKIE 24122489539",-11.00,QUICKPAY_DEBIT,13006.55,,
CREDIT,03/19/2025,"Zelle payment from HUASHENG LLC BACp1kzrt0ha",2000.00,PARTNERFI_TO_CHASE,13017.55,,
DEBIT,03/18/2025,"COSTCO WHSE #1015 SAN DIMAS CA       683543  03/18",-83.83,DEBIT_CARD,11017.55,,
DEBIT,03/18/2025,"DOMESTIC WIRE TRANSFER VIA: GBC INTL BANK LA/122235902 A/C: JTE GLOBAL TRADING & INVESTMENT GROREF: 392+LX600/BNF/JTE GLOBAL TRADING & INVESTMENT GROUP INC IMAD: 0318MMQFMP2K021436 TRN: 3397465077ES 03/18",-100000.00,WIRE_OUTGOING,11101.38,,
DEBIT,03/18/2025,"Zelle payment to grn03 JPM99b1rgr14",-1100.00,CHASE_TO_PARTNERFI,111101.38,,
DEBIT,03/18/2025,"ORIG CO NAME:INTUIT 09812115        ORIG ID:4462800242 DESC DATE:250318 CO ENTRY DESCR:TAX       SEC:CCD    TRACE#:111000028319077 EED:250318   IND ID:18973767                     IND NAME:ATTITUDE D LLC TRN: 0778319077TC",-365.00,ACH_DEBIT,112201.38,,
DEBIT,03/18/2025,"ORIG CO NAME:INTUIT 54143529        ORIG ID:4462800242 DESC DATE:250318 CO ENTRY DESCR:PAYROLL   SEC:CCD    TRACE#:111000022942603 EED:250318   IND ID:18973767                     IND NAME:ATTITUDE D LLC TRN: 0772942603TC",-1110.10,ACH_DEBIT,112566.38,,
DSLIP,03/18/2025,"DEPOSIT  ID NUMBER 737622",6000.00,DEPOSIT,113676.48,,
CHECK,03/17/2025,"CHECK 1026  ",-12686.98,CHECK_PAID,107676.48,1026,
DEBIT,03/17/2025,"Zelle payment to Marlon 24089930211",-150.00,QUICKPAY_DEBIT,120363.46,,
DEBIT,03/17/2025,"FEDEX484603606 800-4633339 TN                03/14",-19.50,DEBIT_CARD,120513.46,,
CREDIT,03/17/2025,"ORIG CO NAME:TSYS/TRANSFIRST        ORIG ID:WFBTRANSF1 DESC DATE:250316 CO ENTRY DESCR:CR CD DEP SEC:CCD    TRACE#:043305135301052 EED:250317   IND ID:543684556033333              IND NAME:ICAR LIFESTYLE             5436845560333337ICAR LIFESTYLE            CR CD DEP 031725 TRN: 0765301052TC",3000.00,ACH_CREDIT,120532.96,,
CREDIT,03/17/2025,"ORIG CO NAME: MANHEIM US            ORIG ID:1582577037 DESC DATE:       CO ENTRY DESCR:ACH PAYMNTSEC:CCD    TRACE#:091000014005710 EED:250317   IND ID:16575752                     IND NAME:ICAR LIFESTYLE                                                                                               5796349 TRN: 0764005710TC",99475.00,ACH_CREDIT,117532.96,,
CHECK,03/14/2025,"CHECK 1025  ",-10113.15,CHECK_PAID,18057.96,1025,
DEBIT,03/14/2025,"ONLINE DOMESTIC WIRE TRANSFER VIA: BK HAPOALIM NYC/026008866 A/C: LENDBUZZ FUNDING LLC BOSTON MA 02110 US REF: PAY OFF : WBA5P7C06NFL96314 IMAD: 0314MMQFMP2M029779 TRN: 3676585073ES 03/14",-13486.85,WIRE_OUTGOING,28171.11,,
DEBIT,03/14/2025,"ORIG CO NAME:INTUIT 05363312        ORIG ID:4462800242 DESC DATE:250314 CO ENTRY DESCR:TAX       SEC:CCD    TRACE#:111000026831617 EED:250314   IND ID:18973767                     IND NAME:ATTITUDE D LLC TRN: 0736831617TC",-627.20,ACH_DEBIT,41657.96,,
DEBIT,03/14/2025,"ORIG CO NAME:INTUIT 54187387        ORIG ID:4462800242 DESC DATE:250314 CO ENTRY DESCR:PAYROLL   SEC:CCD    TRACE#:111000026740068 EED:250314   IND ID:18973767                     IND NAME:ATTITUDE D LLC TRN: 0736740068TC",-2064.05,ACH_DEBIT,42285.16,,
DEBIT,03/14/2025,"ORIG CO NAME:CA DEPT TAX FEE        ORIG ID:2822162215 DESC DATE:250313 CO ENTRY DESCR:CDTFA EPMTSEC:CCD    TRACE#:042000014361398 EED:250314   IND ID:20492591                     IND NAME:ICAR LIFESTYLE TRN: 0734361398TC",-3659.14,ACH_DEBIT,44349.21,,
DEBIT,03/14/2025,"ORIG CO NAME:CA DEPT TAX FEE        ORIG ID:2822162215 DESC DATE:250313 CO ENTRY DESCR:CDTFA EPMTSEC:CCD    TRACE#:042000014361600 EED:250314   IND ID:20578126                     IND NAME:ICAR LIFESTYLE TRN: 0734361600TC",-5046.00,ACH_DEBIT,48008.35,,
DEBIT,03/13/2025,"Zelle payment to A star 24042385325",-470.00,QUICKPAY_DEBIT,53054.35,,
DEBIT,03/13/2025,"FEDEX484439396 800-4633339 TN                03/12",-9.75,DEBIT_CARD,53524.35,,
DEBIT,03/10/2025,"ORIG CO NAME:AMERICAN EXPRESS       ORIG ID:9493560001 DESC DATE:250310 CO ENTRY DESCR:ACH PMT   SEC:CCD    TRACE#:021000021088274 EED:250310   IND ID:A8750                        IND NAME:SHANGQI LI                                                                                                   AM TRN: 0691088274TC",-7157.94,ACH_DEBIT,53534.10,,
DEBIT,03/10/2025,"Online ACH Payment 11164727320 To JTE (_####3707)",-100000.00,ACH_PAYMENT,60692.04,,
DEBIT,03/10/2025,"ORIG CO NAME:CARFAX                 ORIG ID:1251465303 DESC DATE:030725 CO ENTRY DESCR:BT0307    SEC:CCD    TRACE#:111000028281390 EED:250310   IND ID:000000314386469              IND NAME:Attitude D llc                                                                                               CARFAX TRN: 0698281390TC",-1.47,ACH_DEBIT,160692.04,,
DEBIT,03/10/2025,"ORIG CO NAME:TSYS/TRANSFIRST        ORIG ID:WFBTRANSF1 DESC DATE:250228 CO ENTRY DESCR:MERCH FEESSEC:CCD    TRACE#:043305133333147 EED:250310   IND ID:543684556033333              IND NAME:ICAR LIFESTYLE TRN: 0693333147TC",-56.63,ACH_DEBIT,160693.51,,
DEBIT,03/07/2025,"WITHDRAWAL 03/07",-7225.00,MISC_DEBIT,160750.14,,
CREDIT,03/07/2025,"ORIG CO NAME: MANHEIM US            ORIG ID:1582577037 DESC DATE:       CO ENTRY DESCR:ACH PAYMNTSEC:CCD    TRACE#:091000016699503 EED:250307   IND ID:16526789                     IND NAME:ICAR LIFESTYLE                                                                                               5788114 TRN: 0666699503TC",163250.00,ACH_CREDIT,167975.14,,
DEBIT,03/06/2025,"Zelle payment to Icar 23965511747",-2500.00,QUICKPAY_DEBIT,4725.14,,
CHECK,03/06/2025,"CHECK 1024  ",-19000.00,CHECK_PAID,7225.14,1024,
DEBIT,03/05/2025,"ORIG CO NAME:INTUIT 20483060        ORIG ID:4462800242 DESC DATE:250305 CO ENTRY DESCR:TAX       SEC:CCD    TRACE#:111000025988024 EED:250305   IND ID:18973767                     IND NAME:ATTITUDE D LLC TRN: 0645988024TC",-537.80,ACH_DEBIT,26225.14,,
DEBIT,03/05/2025,"ORIG CO NAME:INTUIT 53689738        ORIG ID:4462800242 DESC DATE:250305 CO ENTRY DESCR:PAYROLL   SEC:CCD    TRACE#:111000024073465 EED:250305   IND ID:18973767                     IND NAME:ATTITUDE D LLC TRN: 0644073465TC",-1459.18,ACH_DEBIT,26762.94,,
DEBIT,03/05/2025,"ORIG CO NAME:Dealertrack            ORIG ID:4013137ZST DESC DATE:250305 CO ENTRY DESCR:PURCHASE  SEC:CCD    TRACE#:122043484879040 EED:250305   IND ID:129215925                    IND NAME:Icar Lifestyle Icar Li                                                                                       9163685303 TRN: 0644879040TC",-38580.62,ACH_DEBIT,28222.12,,
DEBIT,03/05/2025,"FEDEX483641210 800-4633339 TN                03/04",-47.55,DEBIT_CARD,66802.74,,
CHECK,03/04/2025,"CHECK 1023  ",-12119.83,CHECK_PAID,66850.29,1023,
DEBIT,03/03/2025,"COSTCO WHSE #1015 SAN DIMAS CA       503226  03/01",-62.58,DEBIT_CARD,78970.12,,
DEBIT,03/03/2025,"FEDEX483448683 800-4633339 TN                03/01",-33.98,DEBIT_CARD,79032.70,,
DEBIT,02/28/2025,"Online ACH Payment 11163800548 To JTE (_####3707)",-68000.00,ACH_PAYMENT,79066.68,,
DEBIT,02/28/2025,"ORIG CO NAME:INTUIT 73302452        ORIG ID:4462800242 DESC DATE:250228 CO ENTRY DESCR:TAX       SEC:CCD    TRACE#:111000028273725 EED:250228   IND ID:18973767                     IND NAME:ATTITUDE D LLC TRN: 0598273725TC",-627.20,ACH_DEBIT,147066.68,,
DEBIT,02/28/2025,"ORIG CO NAME:Westlake Floorin       ORIG ID:1352426469 DESC DATE:022725 CO ENTRY DESCR:PAYABLES  SEC:CCD    TRACE#:122232108334035 EED:250228   IND ID:100499447                    IND NAME:ICAR Lifestyle             100499447 ,ICAR Lifestyle      ,VIN :3MW69FF08P8D09271 ,2023-BMW-3 SERI IES       DYNAMIC EFT TRN: 0598334035TC",-24184.07,ACH_DEBIT,147693.88,,
DEBIT,02/28/2025,"ORIG CO NAME:IPFS866-412-6739       ORIG ID:0AD2424370 DESC DATE:       CO ENTRY DESCR:IPFSPMTWASSEC:CCD    TRACE#:101000014384306 EED:250228   IND ID:561402                       IND NAME:ATTITUDE D LLC                                                                                               GDxLk2vV TRN: 0594384306TC",-590.18,ACH_DEBIT,171877.95,,
DEBIT,02/28/2025,"ORIG CO NAME:NOWCOM, LLC            ORIG ID:1911718107 DESC DATE:       CO ENTRY DESCR:DEALERCNTRSEC:CCD    TRACE#:104000012872110 EED:250228   IND ID:M120898163190                IND NAME:ATTITUDE D LLC TRN: 0592872110TC",-664.76,ACH_DEBIT,172468.13,,
DEBIT,02/28/2025,"ORIG CO NAME:INTUIT 52869993        ORIG ID:4462800242 DESC DATE:250228 CO ENTRY DESCR:PAYROLL   SEC:CCD    TRACE#:111000024964400 EED:250228   IND ID:18973767                     IND NAME:ATTITUDE D LLC TRN: 0594964400TC",-2064.05,ACH_DEBIT,173132.89,,
DEBIT,02/28/2025,"FEDEX483260406 800-4633339 TN                02/27",-19.50,DEBIT_CARD,175196.94,,
DSLIP,02/28/2025,"DEPOSIT  ID NUMBER 463011",11900.00,DEPOSIT,175216.44,,
DEBIT,02/27/2025,"Zelle payment to angel JPM99azhc40x",-50.00,CHASE_TO_PARTNERFI,163316.44,,
DEBIT,02/27/2025,"Zelle payment to chun JPM99azhackv",-1000.00,CHASE_TO_PARTNERFI,163366.44,,
DEBIT,02/27/2025,"FEDEX483172979 800-4633339 TN                02/26",-9.75,DEBIT_CARD,164366.44,,
CREDIT,02/27/2025,"ORIG CO NAME: MANHEIM US            ORIG ID:1582577037 DESC DATE:       CO ENTRY DESCR:ACH PAYMNTSEC:CCD    TRACE#:091000012433265 EED:250227   IND ID:16481944                     IND NAME:ICAR LIFESTYLE                                                                                               5779849 TRN: 0582433265TC",25045.00,ACH_CREDIT,164376.19,,
DSLIP,02/27/2025,"DEPOSIT  ID NUMBER 758940",18500.00,DEPOSIT,139331.19,,
CREDIT,02/27/2025,"FEDWIRE CREDIT VIA: BANK HAPOALIM B.M./026008866 B/O: LENDBUZZ FUNDING LLC-COLLECTIONS ACBOSTON MA 02110 REF: CHASE NYC/CTR/BNF=ATTITUDE D LLC ARCADIA CA 91007-2839 US/AC-000000009 120 RFB=O/B BK HAPOALIM OBI=VIN 5UX CR4C06N9J96176 1418592 IMAD: 0227MMQFMPB4000427 TRN: 1290251058FF",32000.00,WIRE_INCOMING,120831.19,,
CREDIT,02/26/2025,"ORIG CO NAME:TSYS/TRANSFIRST        ORIG ID:WFBTRANSF1 DESC DATE:250225 CO ENTRY DESCR:CR CD DEP SEC:CCD    TRACE#:043305135709822 EED:250226   IND ID:543684556033333              IND NAME:ICAR LIFESTYLE             5436845560333337ICAR LIFESTYLE            CR CD DEP 022625 TRN: 0575709822TC",2060.00,ACH_CREDIT,88831.19,,
DSLIP,02/26/2025,"DEPOSIT  ID NUMBER 300081",17500.00,DEPOSIT,86771.19,,
CREDIT,02/26/2025,"FEDWIRE CREDIT VIA: EAST-WEST BANK/322070381 B/O: JIAHERB, INC. PINE BROOK NJ 07058-9221 REF: CHASE NYC/CTR/BNF=ATTITUDE D LLC ARCADIA CA 91007-2839 US/AC-000000009 120 RFB=NOT PROVIDED BBI=/OCMT/USD1 5313,37/ IMAD: 0226MMQFMP27001675 TRN: 0412161057FF",15313.37,WIRE_INCOMING,69271.19,,
CHECK,02/25/2025,"CHECK 1015  ",-36000.00,CHECK_PAID,53957.82,1015,
DEBIT,02/25/2025,"Zelle payment to redline JPM99azcq4q2",-421.00,CHASE_TO_PARTNERFI,89957.82,,
DEBIT,02/25/2025,"SQ *MITSU'S GARAGE San Gabriel CA            02/24",-100.00,DEBIT_CARD,90378.82,,
CREDIT,02/25/2025,"Zelle payment from KR PERFORMANCE LLC WFCT0YKJYJH5",1000.00,PARTNERFI_TO_CHASE,90478.82,,
CREDIT,02/25/2025,"BOOK TRANSFER CREDIT B/O: JESSICA L BLACKBURN OR CHRIS A ALEDO TX 76008-2413 US TRN: 3455825056ES",71000.00,WIRE_INCOMING,89478.82,,
DEBIT,02/24/2025,"Zelle payment to wsc 23838443635",-3637.00,QUICKPAY_DEBIT,18478.82,,
DEBIT,02/24/2025,"Zelle payment to Vitalie Lupasco JPM99az8zuzp",-1100.00,CHASE_TO_PARTNERFI,22115.82,,
DEBIT,02/24/2025,"ORIG CO NAME:INTUIT 82913234        ORIG ID:1462800242 DESC DATE:250224 CO ENTRY DESCR:TAX       SEC:CCD    TRACE#:111000026420882 EED:250224   IND ID:18973767                     IND NAME:ATTITUDE D LLC TRN: 0556420882TC",-352.92,ACH_DEBIT,23215.82,,
CHECK,02/24/2025,"CHECK 1021  ",-29000.00,CHECK_PAID,23568.74,1021,
DEBIT,02/24/2025,"Zelle payment to Jonnath JPM99az2yzkf",-1000.00,CHASE_TO_PARTNERFI,52568.74,,
DEBIT,02/24/2025,"CENTRALDISPATCH.COM 858-259-6084 NY          02/22",-139.95,DEBIT_CARD,53568.74,,
DEBIT,02/24/2025,"Zelle payment to Marlon 23811786435",-175.00,QUICKPAY_DEBIT,53708.69,,
DEBIT,02/24/2025,"Zelle payment to angel JPM99ayyhuta",-45.00,CHASE_TO_PARTNERFI,53883.69,,
CREDIT,02/24/2025,"ORIG CO NAME:NEXTGEAR FUNDING       ORIG ID:1201990165 DESC DATE:022125 CO ENTRY DESCR:FUNDING   SEC:CCD    TRACE#:091000012096775 EED:250224   IND ID:155929                       IND NAME:ICAR LIFESTYLE TRN: 0552096775TC",26000.00,ACH_CREDIT,53928.69,,
DEBIT,02/21/2025,"Zelle payment to A star 23808326944",-390.00,QUICKPAY_DEBIT,27928.69,,
DEBIT,02/21/2025,"Zelle payment to Ovis JPM99ayvl32f",-180.00,CHASE_TO_PARTNERFI,28318.69,,
DEBIT,02/21/2025,"ORIG CO NAME:INTUIT 47134213        ORIG ID:4462800242 DESC DATE:250221 CO ENTRY DESCR:PAYROLL   SEC:CCD    TRACE#:111000023302205 EED:250221   IND ID:18973767                     IND NAME:ATTITUDE D LLC TRN: 0523302205TC",-1085.30,ACH_DEBIT,28498.69,,
DEBIT,02/21/2025,"Zelle payment to Marlon 23796521370",-175.00,QUICKPAY_DEBIT,29583.99,,
DSLIP,02/21/2025,"REMOTE ONLINE DEPOSIT #          1",5880.00,CHECK_DEPOSIT,29758.99,1,
DEBIT,02/20/2025,"WITHDRAWAL 02/20",-12825.00,MISC_DEBIT,23878.99,,
DEBIT,02/19/2025,"Zelle payment to Marlon 23784031778",-180.00,QUICKPAY_DEBIT,36703.99,,
DEBIT,02/18/2025,"Zelle payment to dmtl 23771749211",-1100.00,QUICKPAY_DEBIT,36883.99,,
CHECK,02/18/2025,"CHECK 1019  ",-500.00,CHECK_PAID,37983.99,1019,
DEBIT,02/18/2025,"Zelle payment to l JPM99ayhb5b8",-70.00,CHASE_TO_PARTNERFI,38483.99,,
DEBIT,02/18/2025,"Zelle payment to Marlon 23758974028",-200.00,QUICKPAY_DEBIT,38553.99,,
DSLIP,02/18/2025,"DEPOSIT  ID NUMBER 625554",30717.05,DEPOSIT,38753.99,,
DEBIT,02/14/2025,"ORIG CO NAME:INTUIT 61384501        ORIG ID:4462800242 DESC DATE:250214 CO ENTRY DESCR:TAX       SEC:CCD    TRACE#:111000028474033 EED:250214   IND ID:18973767                     IND NAME:ATTITUDE D LLC TRN: 0458474033TC",-709.20,ACH_DEBIT,8036.94,,
DEBIT,02/14/2025,"ORIG CO NAME:INTUIT 51850421        ORIG ID:4462800242 DESC DATE:250214 CO ENTRY DESCR:PAYROLL   SEC:CCD    TRACE#:111000026940224 EED:250214   IND ID:18973767                     IND NAME:ATTITUDE D LLC TRN: 0456940224TC",-2064.05,ACH_DEBIT,8746.14,,
DEBIT,02/14/2025,"FEDEX482055457 800-4633339 TN                02/13",-9.75,DEBIT_CARD,10810.19,,
CREDIT,02/14/2025,"Zelle payment from KEI SUM ZHUANG BACh6mix62oe",3500.00,PARTNERFI_TO_CHASE,10819.94,,
DEBIT,02/13/2025,"Zelle payment to Novatranz 23716974799",-800.00,QUICKPAY_DEBIT,7319.94,,
DEBIT,02/13/2025,"Zelle payment to ULTIMATE PRINTING INC 23716504820",-176.88,QUICKPAY_DEBIT,8119.94,,
DEBIT,02/13/2025,"Zelle payment to whitehawk JPM99ay19rbk",-1250.00,CHASE_TO_PARTNERFI,8296.82,,
DEBIT,02/11/2025,"Zelle payment to Marlon 23696740291",-150.00,QUICKPAY_DEBIT,9546.82,,
DEBIT,02/11/2025,"Zelle payment to redline JPM99axuoe8p",-1397.00,CHASE_TO_PARTNERFI,9696.82,,
DEBIT,02/11/2025,"Zelle payment to skyy 23693623313",-1250.00,QUICKPAY_DEBIT,11093.82,,
DSLIP,02/11/2025,"DEPOSIT  ID NUMBER 663232",7500.00,DEPOSIT,12343.82,,
CHECK,02/10/2025,"CHECK 1018  ",-26350.00,CHECK_PAID,4843.82,1018,
DEBIT,02/10/2025,"ORIG CO NAME:AMERICAN EXPRESS       ORIG ID:9493560001 DESC DATE:250210 CO ENTRY DESCR:ACH PMT   SEC:CCD    TRACE#:021000023958052 EED:250210   IND ID:A1218                        IND NAME:SHANGQI LI                                                                                                   AM TRN: 0413958052TC",-1282.38,ACH_DEBIT,31193.82,,
DEBIT,02/10/2025,"Same-Day ACH Payment 11161502997 to JTE (_####3707)",-68000.00,ACH_PAYMENT,32476.20,,
DEBIT,02/10/2025,"ORIG CO NAME:FARMERS INS            ORIG ID:9496351302 DESC DATE:250209 CO ENTRY DESCR:EFT PYMT  SEC:PPD    TRACE#:021000020938762 EED:250210   IND ID:                             IND NAME:SHANQI LI TRN: 0410938762TC",-908.18,ACH_DEBIT,100476.20,,
DEBIT,02/10/2025,"ORIG CO NAME:TSYS/TRANSFIRST        ORIG ID:WFBTRANSF1 DESC DATE:250131 CO ENTRY DESCR:MERCH FEESSEC:CCD    TRACE#:043305130199346 EED:250210   IND ID:543684556033333              IND NAME:ICAR LIFESTYLE TRN: 0410199346TC",-317.65,ACH_DEBIT,101384.38,,
CREDIT,02/10/2025,"Zelle payment from YONG XU BACffxi7u0sn",500.00,PARTNERFI_TO_CHASE,101702.03,,
DEBIT,02/07/2025,"WITHDRAWAL 02/07",-26000.00,MISC_DEBIT,101202.03,,
DEBIT,02/06/2025,"Zelle payment to Icar 23642549488",-500.00,QUICKPAY_DEBIT,127202.03,,
DEBIT,02/06/2025,"Zelle payment to shangqi li JPM99ax8fy4k",-1571.84,CHASE_TO_PARTNERFI,127702.03,,
CREDIT,02/06/2025,"ORIG CO NAME:Yuansfer               ORIG ID:7862422211 DESC DATE:       CO ENTRY DESCR:Yuansfer  SEC:CCD    TRACE#:121140395335787 EED:250206   IND ID:204283                       IND NAME:ATTITUDE D LLC TRN: 0375335787TC",2018.51,ACH_CREDIT,129273.87,,
DSLIP,02/06/2025,"REMOTE ONLINE DEPOSIT #          1",5000.00,CHECK_DEPOSIT,127255.36,1,
DSLIP,02/06/2025,"REMOTE ONLINE DEPOSIT #          1",5000.00,CHECK_DEPOSIT,122255.36,1,
DEBIT,02/05/2025,"Online Transfer to CHK ...9383 transaction#: 23631926236 02/05",-493.46,ACCT_XFER,117255.36,,
CHECK,02/05/2025,"CHECK 1016  ",-7000.00,CHECK_PAID,117748.82,1016,
DEBIT,02/05/2025,"Zelle payment to Icar 23628561760",-4000.00,QUICKPAY_DEBIT,124748.82,,
DEBIT,02/05/2025,"Zelle payment to haowu 23627300013",-1000.00,QUICKPAY_DEBIT,128748.82,,
DEBIT,02/05/2025,"ORIG CO NAME:IPFS866-412-6739       ORIG ID:0AD2424370 DESC DATE:       CO ENTRY DESCR:IPFSPMTWASSEC:CCD    TRACE#:101000015670130 EED:250205   IND ID:561402                       IND NAME:ATTITUDE D LLC                                                                                               GDxLk2vV TRN: 0365670130TC",-15.00,ACH_DEBIT,129748.82,,
CREDIT,02/05/2025,"Zelle payment from ICAR EXOTICS 23632028175",139.00,QUICKPAY_CREDIT,129763.82,,
CREDIT,02/05/2025,"Zelle payment from ICAR EXOTICS 23631976145",217.04,QUICKPAY_CREDIT,129624.82,,
CREDIT,02/05/2025,"Zelle payment from ICAR EXOTICS 23631959151",356.28,QUICKPAY_CREDIT,129407.78,,
CREDIT,02/05/2025,"Zelle payment from ICAR EXOTICS 23631932594",493.46,QUICKPAY_CREDIT,129051.50,,
DEBIT,02/04/2025,"ORIG CO NAME:MANHEIM                ORIG ID:1581936030 DESC DATE:       CO ENTRY DESCR:ACH PAYMNTSEC:CCD    TRACE#:091000018147635 EED:250204   IND ID:ACH6037231                   IND NAME:ICAR LIFESTYLE TRN: 0358147635TC",-110.00,ACH_DEBIT,128558.04,,
DEBIT,02/04/2025,"Online Transfer to CHK ...9383 transaction#: 23611081627 02/04",-125.00,ACCT_XFER,128668.04,,
CREDIT,02/04/2025,"ORIG CO NAME: MANHEIM US            ORIG ID:1582577037 DESC DATE:       CO ENTRY DESCR:ACH PAYMNTSEC:CCD    TRACE#:091000018114591 EED:250204   IND ID:16354608                     IND NAME:ICAR LIFESTYLE                                                                                               5758216 TRN: 0358114591TC",217.00,ACH_CREDIT,128793.04,,
DSLIP,02/04/2025,"DEPOSIT  ID NUMBER 758861",73119.00,DEPOSIT,128576.04,,
DEBIT,02/03/2025,"Zelle payment to Zhaona JPM99awxc901",-55.00,CHASE_TO_PARTNERFI,55457.04,,
DEBIT,02/03/2025,"Zelle payment to angel JPM99awr8kn1",-45.00,CHASE_TO_PARTNERFI,55512.04,,
CREDIT,02/03/2025,"ORIG CO NAME:Dealertrack            ORIG ID:4013137ZST DESC DATE:250203 CO ENTRY DESCR:CREDIT    SEC:CCD    TRACE#:122043481788730 EED:250203   IND ID:127551183                    IND NAME:Icar Lifestyle Icar Li                                                                                       9163685303 TRN: 0341788730TC",0.03,ACH_CREDIT,55557.04,,
DEBIT,01/31/2025,"ORIG CO NAME:INTUIT 10010716        ORIG ID:4462800242 DESC DATE:250131 CO ENTRY DESCR:TAX       SEC:CCD    TRACE#:111000023133873 EED:250131   IND ID:18973767                     IND NAME:ATTITUDE D LLC TRN: 0313133873TC",-729.70,ACH_DEBIT,55557.01,,
DEBIT,01/31/2025,"ORIG CO NAME:INTUIT 50555875        ORIG ID:4462800242 DESC DATE:250131 CO ENTRY DESCR:PAYROLL   SEC:CCD    TRACE#:111000021929051 EED:250131   IND ID:18973767                     IND NAME:ATTITUDE D LLC TRN: 0311929051TC",-2064.05,ACH_DEBIT,56286.71,,
DEBIT,01/30/2025,"Zelle payment to Marlon 23554385031",-220.00,QUICKPAY_DEBIT,58350.76,,
DEBIT,01/30/2025,"Zelle payment to scott JPM99awhaqzi",-234.00,CHASE_TO_PARTNERFI,58570.76,,
DEBIT,01/30/2025,"Zelle payment to Marlon 23549840934",-150.00,QUICKPAY_DEBIT,58804.76,,
DEBIT,01/30/2025,"Zelle payment to yao JPM99awfv32b",-45.00,CHASE_TO_PARTNERFI,58954.76,,
DEBIT,01/30/2025,"ORIG CO NAME:INTUIT 44070053        ORIG ID:4462800242 DESC DATE:250130 CO ENTRY DESCR:TAX       SEC:CCD    TRACE#:111000023898984 EED:250130   IND ID:18973767                     IND NAME:ATTITUDE D LLC TRN: 0303898984TC",-45.00,ACH_DEBIT,58999.76,,
DSLIP,01/30/2025,"DEPOSIT  ID NUMBER 706078",10900.00,DEPOSIT,59044.76,,
DEBIT,01/29/2025,"Zelle payment to angel JPM99awd2zaf",-50.00,CHASE_TO_PARTNERFI,48144.76,,
DEBIT,01/29/2025,"ORIG CO NAME:NOWCOM, LLC            ORIG ID:1911718107 DESC DATE:       CO ENTRY DESCR:DEALERCNTRSEC:CCD    TRACE#:104000018895998 EED:250129   IND ID:M120855156375                IND NAME:ATTITUDE D LLC TRN: 0298895998TC",-277.87,ACH_DEBIT,48194.76,,
DEBIT,01/28/2025,"WITHDRAWAL 01/28",-10900.00,MISC_DEBIT,48472.63,,
DEBIT,01/28/2025,"ONLINE DOMESTIC WIRE TRANSFER A/C: HAO LIU PLEASANTON CA 94588-8050 US REF:/ACC/318717789 LIU HAO 6330 STONERIDGE MALL RD E107 PLEASANTON CA 9458 8 US TRN: 3560605028ES 01/28",-18700.00,WIRE_OUTGOING,59372.63,,
DEBIT,01/28/2025,"ONLINE DOMESTIC WIRE TRANSFER VIA: CITIBANK WEST FSB/321171184 A/C: CHANG GAO CONCORD CA 94519 US REF: HONDA ACCORD IMAD: 0128MMQFMP2K027873 TRN: 3548455028ES 01/28",-23300.00,WIRE_OUTGOING,78072.63,,
DEBIT,01/28/2025,"Zelle payment to scott JPM99aw9jqna",-466.00,CHASE_TO_PARTNERFI,101372.63,,
DEBIT,01/28/2025,"ORIG CO NAME:Westlake Floorin       ORIG ID:1352426469 DESC DATE:012725 CO ENTRY DESCR:PAYABLES  SEC:CCD    TRACE#:122232101823690 EED:250128   IND ID:100499447                    IND NAME:ICAR Lifestyle             100499447 ,ICAR Lifestyle      ,VIN :SALWR2SU9NA209677 ,2022-Land Rover r-Range RoDYNAMIC EFT TRN: 0281823690TC",-45488.14,ACH_DEBIT,101838.63,,
DEBIT,01/28/2025,"ORIG CO NAME:Dealertrack            ORIG ID:4013137ZST DESC DATE:250128 CO ENTRY DESCR:PURCHASE  SEC:CCD    TRACE#:122043489266953 EED:250128   IND ID:127376122                    IND NAME:Icar Lifestyle Icar Li                                                                                       9163685303 TRN: 0289266953TC",-0.03,ACH_DEBIT,147326.77,,
CREDIT,01/27/2025,"Zelle payment from PERIMETER LLC 23498970534",658.78,QUICKPAY_CREDIT,147326.80,,
CREDIT,01/27/2025,"Zelle payment from HAO WU 23522051852",1000.00,QUICKPAY_CREDIT,146668.02,,
DSLIP,01/27/2025,"DEPOSIT  ID NUMBER 373993",25100.00,DEPOSIT,145668.02,,
CREDIT,01/27/2025,"DEPOSIT  ID NUMBER   1172",18700.00,ADJUSTMT_REVERSAL,120568.02,,
CREDIT,01/27/2025,"DEPOSIT  ID NUMBER   1014",23300.00,ADJUSTMT_REVERSAL,101868.02,,
CHECK,01/24/2025,"CHECK 1172  ",-18700.00,CHECK_PAID,78568.02,1172,
CHECK,01/24/2025,"CHECK 1014  ",-23300.00,CHECK_PAID,97268.02,1014,
CREDIT,01/24/2025,"Zelle payment from PERIMETER LLC 23495687467",5000.00,QUICKPAY_CREDIT,120568.02,,
CREDIT,01/24/2025,"BOOK TRANSFER CREDIT B/O: PERIMETER LLC CHINO HILLS CA 91709-4664 US TRN: 3024885024ES",50000.00,WIRE_INCOMING,115568.02,,
DEBIT,01/23/2025,"CENTRALDISPATCH.COM 858-259-6084 NY          01/22",-97.95,DEBIT_CARD,65568.02,,
CREDIT,01/23/2025,"Zelle payment from PERIMETER LLC 23482909322",1000.00,QUICKPAY_CREDIT,65665.97,,
DEBIT,01/22/2025,"Zelle payment to yao JPM99avos003",-45.00,CHASE_TO_PARTNERFI,64665.97,,
DEBIT,01/22/2025,"Zelle payment to Marlon 23470574268",-150.00,QUICKPAY_DEBIT,64710.97,,
DEBIT,01/22/2025,"Zelle payment to Ovis JPM99avokfw9",-85.00,CHASE_TO_PARTNERFI,64860.97,,
DEBIT,01/22/2025,"ORIG CO NAME:Westlake Floorin       ORIG ID:1352426469 DESC DATE:012125 CO ENTRY DESCR:PAYABLES  SEC:CCD    TRACE#:122232103364636 EED:250122   IND ID:100499447                    IND NAME:ICAR Lifestyle             100499447 ,ICAR Lifestyle      ,VIN :SALWR2SU9NA209677 ,2022-Land Rover r-Range RoDYNAMIC EFT TRN: 0223364636TC",-5240.00,ACH_DEBIT,64945.97,,
DEBIT,01/21/2025,"ORIG CO NAME:Westlake Floorin       ORIG ID:1352426469 DESC DATE:012025 CO ENTRY DESCR:PAYABLES  SEC:CCD    TRACE#:122232104141499 EED:250121   IND ID:100499447                    IND NAME:ICAR Lifestyle             100499447 ,ICAR Lifestyle      ,Sig n-up Fee                                      DYNAMIC EFT TRN: 0214141499TC",-130.00,ACH_DEBIT,70185.97,,
DEBIT,01/21/2025,"DOMESTIC WIRE TRANSFER VIA: GBC INTL BANK LA/122235902 A/C: JTE GLOBAL TRADING & INVESTMENT REF: FULL ACCOUNT NAME: JTE GLOBAL TRADING & INVESTMENT GROUP INC DBA JTE A UTO GROUPMEMO: LX 600 IMAD: 0121MMQFMP2M037927 TRN: 3830545021ES 01/21",-111500.00,WIRE_OUTGOING,70315.97,,
CREDIT,01/21/2025,"Zelle payment from WOCHENG HUANG 23429107516",2000.00,QUICKPAY_CREDIT,181815.97,,
DSLIP,01/21/2025,"REMOTE ONLINE DEPOSIT #          1",35000.00,CHECK_DEPOSIT,179815.97,1,
CHECK,01/16/2025,"CHECK 1500  ",-5329.00,CHECK_PAID,144815.97,1500,
CREDIT,01/16/2025,"FEDWIRE CREDIT VIA: CITIBANK N.A./021000089 B/O: SILKROAD INC. 311 E 157TH ST GARDENA CA USA 90248 REF: CHASE NYC/CTR/BNF=ATTITUDE D LLC ARCADIA CA 91007-2839 US/AC-000000009 120 RFB=O/B CITIBANK NYC OBI=PAYMEN T FOR 2024 LEXUS LX600 VIN JT JGB7C X5R4062393 BLACK/BRW MUNKHMATS U BB I=/CHGS/USD0,00/ACC/SIL IMAD: 0116B1Q8021C014011 TRN: 0821211016FF",112000.00,WIRE_INCOMING,150144.97,,
DEBIT,01/15/2025,"ORIG CO NAME:INTUIT 40415689        ORIG ID:4462800242 DESC DATE:250115 CO ENTRY DESCR:TAX       SEC:CCD    TRACE#:111000029207637 EED:250115   IND ID:18973767                     IND NAME:ATTITUDE D LLC TRN: 0159207637TC",-729.70,ACH_DEBIT,38144.97,,
DEBIT,01/15/2025,"ORIG CO NAME:INTUIT 49190306        ORIG ID:4462800242 DESC DATE:250115 CO ENTRY DESCR:PAYROLL   SEC:CCD    TRACE#:111000028702598 EED:250115   IND ID:18973767                     IND NAME:ATTITUDE D LLC TRN: 0158702598TC",-2064.05,ACH_DEBIT,38874.67,,
CREDIT,01/14/2025,"Zelle payment from HUITING ZHOU BACjt8xwybxq",650.00,PARTNERFI_TO_CHASE,40938.72,,
CHECK,01/13/2025,"CHECK 1499  ",-32620.61,CHECK_PAID,40288.72,1499,
DEBIT,01/10/2025,"ORIG CO NAME:AMERICAN EXPRESS       ORIG ID:9493560001 DESC DATE:250110 CO ENTRY DESCR:ACH PMT   SEC:CCD    TRACE#:021000021358010 EED:250110   IND ID:A6378                        IND NAME:SHANGQI LI                                                                                                   AM TRN: 0101358010TC",-585.29,ACH_DEBIT,72909.33,,
DEBIT,01/10/2025,"ORIG CO NAME:TSYS/TRANSFIRST        ORIG ID:WFBTRANSF1 DESC DATE:241231 CO ENTRY DESCR:MERCH FEESSEC:CCD    TRACE#:043305135339544 EED:250110   IND ID:543684556033333              IND NAME:ICAR LIFESTYLE TRN: 0105339544TC",-30.00,ACH_DEBIT,73494.62,,
DEBIT,01/10/2025,"FEDEX479007787 800-4633339 TN                01/09",-9.75,DEBIT_CARD,73524.62,,
DEBIT,01/09/2025,"ORIG CO NAME:FARMERS INS            ORIG ID:9496351302 DESC DATE:250109 CO ENTRY DESCR:EFT PYMT  SEC:PPD    TRACE#:021000020385025 EED:250109   IND ID:                             IND NAME:SHANQI LI TRN: 0090385025TC",-1725.69,ACH_DEBIT,73534.37,,
DEBIT,01/09/2025,"Online Transfer to CHK ...9383 transaction#: 23329428521 01/09",-1625.00,ACCT_XFER,75260.06,,
CREDIT,01/09/2025,"ORIG CO NAME:TSYS/TRANSFIRST        ORIG ID:WFBTRANSF1 DESC DATE:250108 CO ENTRY DESCR:RSRV RLSD SEC:CCD    TRACE#:043305136544027 EED:250109   IND ID:543684556033333              IND NAME:ICAR LIFESTYLE             5436845560333337ICAR LIFESTYLE            RSRV RLSD 010925 TRN: 0096544027TC",10300.00,ACH_CREDIT,76885.06,,
DEBIT,01/07/2025,"Zelle payment to Ji hvk JPM99auayv6r",-680.00,CHASE_TO_PARTNERFI,66585.06,,
CREDIT,01/07/2025,"BOOK TRANSFER CREDIT B/O: PERIMETER LLC CHINO HILLS CA 91709-4664 US TRN: 3121355007ES",6657.85,WIRE_INCOMING,67265.06,,
CHECK,01/06/2025,"CHECK 1010  01/06",-32000.00,CHECK_PAID,60607.21,1010,
DEBIT,01/06/2025,"ORIG CO NAME:CA DMV                 ORIG ID:9049042292 DESC DATE:250103 CO ENTRY DESCR:ECHECK    SEC:CCD    TRACE#:043305139757651 EED:250106   IND ID:043000093398334              IND NAME:1400310000038212598517                                                                                       TELECHK 800-697-9263 TRN: 0069757651TC",-1571.00,ACH_DEBIT,92607.21,,
CHECK,01/06/2025,"CHECK 1008  ",-2500.00,CHECK_PAID,94178.21,1008,
CHECK,01/06/2025,"CHECK 1009  ",-1221.67,CHECK_PAID,96678.21,1009,
CREDIT,01/06/2025,"ORIG CO NAME:TSYS/TRANSFIRST        ORIG ID:WFBTRANSF1 DESC DATE:250103 CO ENTRY DESCR:CR CD DEP SEC:CCD    TRACE#:043305139875043 EED:250106   IND ID:543684556033333              IND NAME:ICAR LIFESTYLE             5436845560333337ICAR LIFESTYLE            CR CD DEP 010625 TRN: 0069875043TC",0.03,ACH_CREDIT,97899.88,,
CREDIT,01/06/2025,"Zelle payment from ICAR EXOTICS 23287210713",270.00,QUICKPAY_CREDIT,97899.85,,
CREDIT,01/02/2025,"FEDWIRE CREDIT VIA: BANK OF AMERICA, N.A./026009593 B/O: 1/SHENGLEI FU 3/US/SUNNYVALE 94085 REF: CHASE NYC/CTR/BNF=ATTITUDE D LLC ARCADIA CA 91007-2839 US/AC-000000009 120 RFB=529108472 OBI=TESLA IMAD: 0102B6B7HU4R020553 TRN: 1208311002FF",15782.98,WIRE_INCOMING,97629.85,,
CREDIT,01/02/2025,"FEDWIRE CREDIT VIA: BANK OF AMERICA, N.A./026009593 B/O: 1/SHENGLEI FU 3/US/SUNNYVALE 94085 REF: CHASE NYC/CTR/BNF=ATTITUDE D LLC ARCADIA CA 91007-2839 US/AC-000000009 120 RFB=529084452 OBI=TESLA IMAD: 0102B6B7HU3R017532 TRN: 1009481002FF",20000.00,WIRE_INCOMING,81846.87,,
DEBIT,12/31/2024,"ORIG CO NAME:INTUIT 78900167        ORIG ID:4462800242 DESC DATE:241231 CO ENTRY DESCR:TAX       SEC:CCD    TRACE#:111000023181541 EED:241231   IND ID:18973767                     IND NAME:ATTITUDE D LLC TRN: 3663181541TC",-1794.90,ACH_DEBIT,61846.87,,
DEBIT,12/31/2024,"ORIG CO NAME:INTUIT 47132383        ORIG ID:4462800242 DESC DATE:241231 CO ENTRY DESCR:PAYROLL   SEC:CCD    TRACE#:111000029097822 EED:241231   IND ID:18973767                     IND NAME:ATTITUDE D LLC TRN: 3669097822TC",-3792.60,ACH_DEBIT,63641.77,,
DEBIT,12/30/2024,"Zelle payment to raad auto JPM99atum7rt",-450.00,CHASE_TO_PARTNERFI,67434.37,,
DEBIT,12/30/2024,"Zelle payment to XAUTO CORP. 23220348306",-180.00,QUICKPAY_DEBIT,67884.37,,
DEBIT,12/30/2024,"ORIG CO NAME:NOWCOM, LLC            ORIG ID:1911718107 DESC DATE:       CO ENTRY DESCR:DEALERCNTRSEC:CCD    TRACE#:104000012232064 EED:241230   IND ID:M120811986259                IND NAME:ATTITUDE D LLC TRN: 3652232064TC",-11.60,ACH_DEBIT,68064.37,,
DEBIT,12/30/2024,"ORIG CO NAME:NEXTGEAR PAYMENT       ORIG ID:1260401907 DESC DATE:122724 CO ENTRY DESCR:PAYMENT   SEC:CCD    TRACE#:091000018857793 EED:241230   IND ID:155929                       IND NAME:ICAR LIFESTYLE TRN: 3658857793TC",-33340.95,ACH_DEBIT,68075.97,,
DEBIT,12/30/2024,"FEDEX478051221 800-4633339 TN                12/28",-9.75,DEBIT_CARD,101416.92,,
CREDIT,12/30/2024,"BOOK TRANSFER CREDIT B/O: PERIMETER LLC CHINO HILLS CA 91709-4664 US TRN: 3021014365ES",5616.00,WIRE_INCOMING,101426.67,,
CREDIT,12/27/2024,"Zelle payment from SHENGLEI FU 23193681570",2000.00,QUICKPAY_CREDIT,95810.67,,
CREDIT,12/27/2024,"ORIG CO NAME: MANHEIM US            ORIG ID:1582577037 DESC DATE:       CO ENTRY DESCR:ACH PAYMNTSEC:CCD    TRACE#:091000011945929 EED:241227   IND ID:16179384                     IND NAME:ICAR LIFESTYLE                                                                                               5729834 TRN: 3621945929TC",51575.00,ACH_CREDIT,93810.67,,
CREDIT,12/27/2024,"BOOK TRANSFER CREDIT B/O: PERIMETER LLC CHINO HILLS CA 91709-4664 US TRN: 3013664362ES",13701.00,WIRE_INCOMING,42235.67,,
CHECK,12/26/2024,"CHECK 1006  ",-17583.25,CHECK_PAID,28534.67,1006,
DEBIT,12/26/2024,"FEDEX477827788 800-4633339 TN                12/25",-9.75,DEBIT_CARD,46117.92,,
DEBIT,12/26/2024,"FEDEX477519012 800-4633339 TN                12/24",-47.55,DEBIT_CARD,46127.67,,
CHECK,12/24/2024,"CHECK 1007  ",-26000.00,CHECK_PAID,46175.22,1007,
DEBIT,12/24/2024,"DOMESTIC WIRE TRANSFER VIA: WELLS FARGO NA/121000248 A/C: GALPIN JAGUAR LINCOLN MERCURY, INC.REF: NOTE: PURCHASE FOR ICARVIN# 280982/TIME/14:00 IMAD: 1224MMQFMP2M025070 TRN: 3470664359ES 12/24",-123916.75,WIRE_OUTGOING,72175.22,,
CREDIT,12/24/2024,"ORIG CO NAME: MANHEIM US            ORIG ID:1582577037 DESC DATE:       CO ENTRY DESCR:ACH PAYMNTSEC:CCD    TRACE#:091000018333422 EED:241224   IND ID:16166149                     IND NAME:ICAR LIFESTYLE                                                                                               5728187 TRN: 3598333422TC",178863.00,ACH_CREDIT,196091.97,,
DEBIT,12/23/2024,"CENTRALDISPATCH.COM 858-259-6084 NY          12/22",-97.95,DEBIT_CARD,17228.97,,
DEBIT,12/23/2024,"SYNERGETIA INC ARCADIA CA            420915  12/21",-75.38,DEBIT_CARD,17326.92,,
DEBIT,12/23/2024,"CHEVRON 0092407 ARCADIA CA                   12/21",-30.00,DEBIT_CARD,17402.30,,
DEBIT,12/23/2024,"Zelle payment to Ovis JPM99atd345c",-250.00,CHASE_TO_PARTNERFI,17432.30,,
DSLIP,12/23/2024,"DEPOSIT  ID NUMBER 765297",16702.50,DEPOSIT,17682.30,,
DEBIT,12/20/2024,"Zelle payment to MAV JPM99atadxog",-160.00,CHASE_TO_PARTNERFI,979.80,,
CHECK,12/19/2024,"CHECK 1005  12/19",-175800.00,CHECK_PAID,1139.80,1005,
DSLIP,12/19/2024,"DEPOSIT  ID NUMBER 854616",26000.00,DEPOSIT,176939.80,,
CREDIT,12/19/2024,"BOOK TRANSFER CREDIT B/O: BIJ LA LLC BATON ROUGE LA 70816-4215 US REF: 2025 RANGE ROVER LAND ROVER VIN#SALKPBFU7SA275784 TRN: 2665000354VB",143000.00,WIRE_INCOMING,150939.80,,
DEBIT,12/18/2024,"ORIG CO NAME:WESTLAKE               ORIG ID:5272814169 DESC DATE:241217 CO ENTRY DESCR:PAYMENT   SEC:CCD    TRACE#:091000014463127 EED:241218   IND ID:                             IND NAME:ATTITUDE D LLC                                                                                               ACH_PAYMENTS TRN: 3534463127TC",-500.00,ACH_DEBIT,7939.80,,
CREDIT,12/18/2024,"Zelle payment from EDITION MOTORS LLC 23096317417",1050.00,QUICKPAY_CREDIT,8439.80,,
DEBIT,12/17/2024,"Online Transfer to CHK ...9383 transaction#: 23082259159 12/17",-275.00,ACCT_XFER,7389.80,,
DEBIT,12/17/2024,"BRING A TRAILER WWW.BRINGATRA CA             12/16",-429.00,DEBIT_CARD,7664.80,,
CREDIT,12/17/2024,"Zelle payment from HONGWEI TANG 0JJ0GBJ1QFG9",2000.00,PARTNERFI_TO_CHASE,8093.80,,
CHECK,12/16/2024,"CHECK 1004  ",-3299.00,CHECK_PAID,6093.80,1004,
DEBIT,12/16/2024,"ORIG CO NAME:INTUIT                 ORIG ID:9215986206 DESC DATE:241216 CO ENTRY DESCR:ACCTVERIFYSEC:PPD    TRACE#:021000021847826 EED:241216   IND ID:                             IND NAME:ATTITUDE D LLC TRN: 3511847826TC",-0.23,ACH_DEBIT,9392.80,,
CREDIT,12/16/2024,"ORIG CO NAME:INTUIT                 ORIG ID:9215986206 DESC DATE:241216 CO ENTRY DESCR:ACCTVERIFYSEC:PPD    TRACE#:021000021848382 EED:241216   IND ID:                             IND NAME:ATTITUDE D LLC TRN: 3511848382TC",0.07,ACH_CREDIT,9393.03,,
CREDIT,12/16/2024,"ORIG CO NAME:INTUIT                 ORIG ID:9215986206 DESC DATE:241216 CO ENTRY DESCR:ACCTVERIFYSEC:PPD    TRACE#:021000021848381 EED:241216   IND ID:                             IND NAME:ATTITUDE D LLC TRN: 3511848381TC",0.16,ACH_CREDIT,9392.96,,
DEBIT,12/11/2024,"FEDEX475912686 800-4633339 TN                12/10",-47.55,DEBIT_CARD,9392.80,,
DSLIP,12/11/2024,"DEPOSIT  ID NUMBER 804568",3299.00,DEPOSIT,9440.35,,
CHECK,12/09/2024,"CHECK 1001  ",-51968.60,CHECK_PAID,6141.35,1001,
CHECK,12/09/2024,"CHECK 1002  ",-5000.00,CHECK_PAID,58109.95,1002,
DEBIT,12/09/2024,"WITHDRAWAL 12/09",-900.00,MISC_DEBIT,63109.95,,
DEBIT,12/09/2024,"DOMESTIC WIRE TRANSFER VIA: GBC INTL BANK LA/122235902 A/C: JTE AUTO GROUP REF: JTE GLOBAL TRADING& INVESTMENT GROUP INC IMAD: 1209MMQFMP2N006898 TRN: 3020124342ES 12/09",-111000.00,WIRE_OUTGOING,64009.95,,
CREDIT,12/06/2024,"ORIG CO NAME: MANHEIM US            ORIG ID:1582577037 DESC DATE:       CO ENTRY DESCR:ACH PAYMNTSEC:CCD    TRACE#:091000014868559 EED:241206   IND ID:16082568                     IND NAME:ICAR LIFESTYLE                                                                                               5713906 TRN: 3414868559TC",111475.00,ACH_CREDIT,175009.95,,
DEBIT,12/05/2024,"DOMESTIC INCOMING WIRE FEE",-15.00,FEE_TRANSACTION,63534.95,,
DEBIT,12/05/2024,"CORPORATE FILINGS LLC 888-7898466 WY         12/04",-13.66,DEBIT_CARD,63549.95,,
CREDIT,12/05/2024,"FEDWIRE CREDIT VIA: GBC INTERNATIONAL BANK/122235902 B/O: JTE GLOBAL TRADING & INVESTMENT AZUSA CA 91702-1580 REF: CHASE NYC/CTR/BNF=ATTITUDE D LLC ARCADIA CA 91007-2839 US/AC-000000009 120 RFB=O/B GBC INTL BAN OBI=ICAR L IFESTYLE DEALERSHIP INVESTMEN T IMAD: 1205MMQFMPST000021 TRN: 1206231340FF",10000.00,WIRE_INCOMING,63563.61,,
DSLIP,12/04/2024,"REMOTE ONLINE DEPOSIT #          1",9000.00,CHECK_DEPOSIT,53563.61,1,
DEBIT,12/03/2024,"ORIG CO NAME:Deluxe Small Bus       ORIG ID:A410216800 DESC DATE:       CO ENTRY DESCR:EDI/ACH   SEC:CTX    TRACE#:042000013322465 EED:241203   IND ID:17082001433927               IND NAME:0008ATTITUDE D LLC TRN: 3383322465TC",-216.70,ACH_DEBIT,44563.61,,
CREDIT,12/03/2024,"Zelle payment from ICAR EXOTICS 22931193355",1000.00,QUICKPAY_CREDIT,44780.31,,
DEBIT,12/02/2024,"OFFICE DEPOT 00 5533 R TEMPLE CITY CA749964  12/02",-15.32,DEBIT_CARD,43780.31,,
DEBIT,11/29/2024,"MONTHLY SERVICE FEE",-15.00,FEE_TRANSACTION,43795.63,,
DEBIT,11/27/2024,"SHELL OIL 10008440009 WHITTIER CA            11/26",-15.00,DEBIT_CARD,43810.63,,
DEBIT,11/26/2024,"Zelle payment to BC Transport LLC JPM99artnuei",-150.00,CHASE_TO_PARTNERFI,43825.63,,
DEBIT,11/25/2024,"Zelle payment to Marlon 22837769913",-150.00,QUICKPAY_DEBIT,43975.63,,
DEBIT,11/25/2024,"CENTRALDISPATCH.COM 858-259-6084 NY          11/22",-97.95,DEBIT_CARD,44125.63,,
CREDIT,11/25/2024,"Zelle payment from BC TRANSPORT LOGISTICS LLC BACw0s3r0je5",150.00,PARTNERFI_TO_CHASE,44223.58,,
CREDIT,11/22/2024,"Online Transfer from CHK ...9383 transaction#: 22796983465",97.95,ACCT_XFER,44073.58,,
CREDIT,11/19/2024,"ORIG CO NAME: MANHEIM US            ORIG ID:1582577037 DESC DATE:       CO ENTRY DESCR:ACH PAYMNTSEC:CCD    TRACE#:091000010246972 EED:241119   IND ID:15994771                     IND NAME:ATTITUDE D LLC                                                                                               5699439 TRN: 3240246972TC",43975.00,ACH_CREDIT,43975.63,,
DEBIT,11/12/2024,"ORIG CO NAME:FARMERS INS            ORIG ID:9496351302 DESC DATE:241110 CO ENTRY DESCR:EFT PYMT  SEC:PPD    TRACE#:021000023071741 EED:241112   IND ID:                             IND NAME:SHANQI LI TRN: 3173071741TC",-220.40,ACH_DEBIT,0.63,,
CREDIT,11/12/2024,"Online Transfer from CHK ...9383 transaction#: 22689190093",130.00,ACCT_XFER,221.03,,
CREDIT,11/01/2024,"Online Transfer from CHK ...9383 transaction#: 22573932548",100.00,ACCT_XFER,91.03,,
DEBIT,10/31/2024,"MONTHLY SERVICE FEE",-15.00,FEE_TRANSACTION,-8.97,,
DEBIT,10/23/2024,"CENTRALDISPATCH.COM 858-259-6084 NY          10/22",-97.95,DEBIT_CARD,6.03,,
CREDIT,10/22/2024,"Online Transfer from CHK ...9383 transaction#: 22462508147",100.00,ACCT_XFER,103.98,,
CREDIT,10/15/2024,"Online Transfer from CHK ...9383 transaction#: 22387899443",250.00,ACCT_XFER,3.98,,
DEBIT,10/10/2024,"OVERDRAFT FEE FOR A $220.40 ITEM - DETAILS: ORIG CO NAME:FARMERS INS            ORIG ID:9496351302 DESC DATE:241009 CO ENTRY DESCR:EFT PYMT  SEC:PPD    TRACE#:021000025552471 EED:241009   IND ID:                             IND NAME:SHANQI LI TRN: 2835552471TC",-34.00,FEE_TRANSACTION,-246.02,,
DEBIT,10/09/2024,"ORIG CO NAME:FARMERS INS            ORIG ID:9496351302 DESC DATE:241009 CO ENTRY DESCR:EFT PYMT  SEC:PPD    TRACE#:021000025552471 EED:241009   IND ID:                             IND NAME:SHANQI LI TRN: 2835552471TC",-220.40,ACH_DEBIT,-212.02,,
DEBIT,09/30/2024,"MONTHLY SERVICE FEE",-15.00,FEE_TRANSACTION,8.38,,
DEBIT,09/23/2024,"CENTRALDISPATCH.COM 858-259-6084 NY          09/22",-97.95,DEBIT_CARD,23.38,,
CREDIT,09/23/2024,"Online Transfer from CHK ...9383 transaction#: 22143862379",50.00,ACCT_XFER,121.33,,
CREDIT,09/10/2024,"Online Transfer from CHK ...9383 transaction#: 22011232228",200.00,ACCT_XFER,71.33,,
DEBIT,09/09/2024,"ORIG CO NAME:FARMERS INS            ORIG ID:9496351302 DESC DATE:240909 CO ENTRY DESCR:EFT PYMT  SEC:PPD    TRACE#:021000023832325 EED:240909   IND ID:                             IND NAME:SHANQI LI TRN: 2533832325TC",-220.40,ACH_DEBIT,-128.67,,
DEBIT,08/30/2024,"MONTHLY SERVICE FEE",-15.00,FEE_TRANSACTION,91.73,,
DEBIT,08/23/2024,"CENTRALDISPATCH.COM 858-259-6084 NY          08/22",-97.95,DEBIT_CARD,106.73,,
DEBIT,08/09/2024,"ORIG CO NAME:FARMERS INS            ORIG ID:9496351302 DESC DATE:240809 CO ENTRY DESCR:EFT PYMT  SEC:PPD    TRACE#:021000020194462 EED:240809   IND ID:                             IND NAME:SHANQI LI TRN: 2220194462TC",-551.88,ACH_DEBIT,204.68,,
DEBIT,07/31/2024,"MONTHLY SERVICE FEE",-15.00,FEE_TRANSACTION,756.56,,
DEBIT,07/23/2024,"CENTRALDISPATCH.COM 858-259-6084 NY          07/22",-97.95,DEBIT_CARD,771.56,,
DEBIT,07/12/2024,"Online Payment 21093540231 To Auto Lease 6029 07/12",-448.73,LOAN_PMT,869.51,,
DEBIT,07/09/2024,"ORIG CO NAME:FARMERS INS            ORIG ID:9496351302 DESC DATE:240709 CO ENTRY DESCR:EFT PYMT  SEC:PPD    TRACE#:021000022429742 EED:240709   IND ID:                             IND NAME:SHANQI LI TRN: 1912429742TC",-211.58,ACH_DEBIT,1318.24,,
DEBIT,06/28/2024,"MONTHLY SERVICE FEE",-15.00,FEE_TRANSACTION,1529.82,,
CREDIT,06/26/2024,"Zelle payment from YUCONG MA WFCT0SCRY9D8",700.00,PARTNERFI_TO_CHASE,1544.82,,
DEBIT,06/24/2024,"CENTRALDISPATCH.COM 858-259-6084 NY          06/22",-97.95,DEBIT_CARD,844.82,,
DEBIT,06/14/2024,"Online Payment 20772070618 To Auto Lease 6029 06/14",-448.73,LOAN_PMT,942.77,,
DEBIT,06/10/2024,"ORIG CO NAME:FARMERS INS            ORIG ID:9496351302 DESC DATE:240609 CO ENTRY DESCR:EFT PYMT  SEC:PPD    TRACE#:021000029128539 EED:240610   IND ID:                             IND NAME:SHANQI LI TRN: 1629128539TC",-211.58,ACH_DEBIT,1391.50,,
CREDIT,06/10/2024,"Zelle payment from YUCONG MA WFCT0SBB93DH",700.00,PARTNERFI_TO_CHASE,1603.08,,
DEBIT,06/03/2024,"RTP/Same Day - Low Value",-0.01,FEE_TRANSACTION,903.08,,
DEBIT,06/03/2024,"RTP/Same Day - High Value",-50.00,FEE_TRANSACTION,903.09,,
DEBIT,05/31/2024,"MONTHLY SERVICE FEE",-15.00,FEE_TRANSACTION,953.09,,
DEBIT,05/23/2024,"CENTRALDISPATCH.COM 858-259-6084 NY          05/22",-97.95,DEBIT_CARD,968.09,,
DEBIT,05/21/2024,"CORPORATE FILINGS LLC 888-7898466 WY         05/20",-49.00,DEBIT_CARD,1066.04,,
DEBIT,05/16/2024,"US DOLLAR INTERNATIONAL WIRE FEE",-50.00,FEE_TRANSACTION,1115.04,,
DEBIT,05/16/2024,"INTERNATIONAL WIRE TRANSFER VIA: HSBC BANK USA, N.A./0108 A/C: HONGKONG AND SHANGHAI BANKING HONG KONG HONG KONG HK BEN: CHEN HUIQIAN REF: VEHICLE PURCHASE SSN: 00518066 TRN: 3454774137ES 05/16",-180000.00,WIRE_OUTGOING,1165.04,,
DEBIT,05/15/2024,"DOMESTIC INCOMING WIRE FEE",-15.00,FEE_TRANSACTION,181165.04,,
DEBIT,05/15/2024,"Same-Day ACH Payment 11131517813 to JTE (_####3707)",-47000.00,ACH_PAYMENT,181180.04,,
CREDIT,05/15/2024,"FEDWIRE CREDIT VIA: BANK OF AMERICA, N.A./026009593 B/O: BOLANG 888 LLC IA 52240 US REF: CHASE NYC/CTR/BNF=ATTITUDE D LLC ELK GROVE CA 95624-5098 US/AC-0000000 09120 RFB=C8YQ6CXV3 OBI=POP SERVICE S BBI=/CHGS/USD0,00/OCMT/USD180000, 00/ IMAD: 0515B6B7HU2R019642 TRN: 1056131136FF",180000.00,WIRE_INCOMING,228180.04,,
DEBIT,05/14/2024,"Online Payment 20442904888 To Auto Lease 6029 05/14",-448.73,LOAN_PMT,48180.04,,
DEBIT,05/09/2024,"ORIG CO NAME:FARMERS INS            ORIG ID:9496351302 DESC DATE:240509 CO ENTRY DESCR:EFT PYMT  SEC:PPD    TRACE#:021000029978507 EED:240509   IND ID:                             IND NAME:SHANQI LI TRN: 1309978507TC",-186.54,ACH_DEBIT,48628.77,,
DEBIT,05/08/2024,"Same-Day ACH Payment 11130826378 to JTE (_####3707)",-100000.00,ACH_PAYMENT,48815.31,,
DEBIT,05/02/2024,"ONLINE DOMESTIC WIRE FEE",-25.00,FEE_TRANSACTION,148815.31,,
DEBIT,05/02/2024,"ONLINE DOMESTIC WIRE TRANSFER VIA: GBC INTL BANK LA/122235902 A/C: JTE GLOBAL AZUSA CA 91702 US IMAD: 0502MMQFMP2L007359 TRN: 3013384123ES 05/02",-50000.00,WIRE_OUTGOING,148840.31,,
DEBIT,05/01/2024,"Same-Day ACH Payment 11130347922 to JTE (_####3707)",-1.00,ACH_PAYMENT,198840.31,,
DEBIT,04/30/2024,"MONTHLY SERVICE FEE",-15.00,FEE_TRANSACTION,198841.31,,
DEBIT,04/29/2024,"ONLINE DOMESTIC WIRE FEE",-25.00,FEE_TRANSACTION,198856.31,,
DEBIT,04/29/2024,"ONLINE DOMESTIC WIRE TRANSFER VIA: WELLS FARGO NA/121000248 A/C: YUCONG MA LOS ANGELES CA 90015 US REF:/TIME/03:36 IMAD: 0429MMQFMP2M002951 TRN: 3067474120ES 04/29",-15100.00,WIRE_OUTGOING,198881.31,,
CREDIT,04/26/2024,"ORIG CO NAME:TURO 8667352901        ORIG ID:1800948598 DESC DATE:       CO ENTRY DESCR:TURO 86673SEC:CCD    TRACE#:091000015414712 EED:240426   IND ID:ST-E0K7B8R7R3J6              IND NAME:SHANGQI LI TRN: 1175414712TC",254.29,ACH_CREDIT,213981.31,,
DEBIT,04/25/2024,"COUNTER CHECK",-3.00,FEE_TRANSACTION,213727.02,,
DEBIT,04/25/2024,"COSTCO GAS #1274 ELK GROVE CA        986543  04/25",-55.54,DEBIT_CARD,213730.02,,
DEBIT,04/23/2024,"CENTRALDISPATCH.COM 858-259-6084 NY          04/22",-97.95,DEBIT_CARD,213785.56,,
DSLIP,04/22/2024,"REMOTE ONLINE DEPOSIT #          1",82.00,CHECK_DEPOSIT,213883.51,1,
DSLIP,04/22/2024,"REMOTE ONLINE DEPOSIT #          1",15300.00,CHECK_DEPOSIT,213801.51,1,
DSLIP,04/22/2024,"DEPOSIT  ID NUMBER 135539",198500.00,DEPOSIT,198501.51,,
CREDIT,04/11/2024,"Online Transfer from CHK ...9383 transaction#: 20433910811",182.00,ACCT_XFER,1.51,,
DEBIT,04/10/2024,"OVERDRAFT FEE FOR A $186.54 ITEM - DETAILS: ORIG CO NAME:FARMERS INS            ORIG ID:9496351302 DESC DATE:240409 CO ENTRY DESCR:EFT PYMT  SEC:PPD    TRACE#:021000022092102 EED:240409   IND ID:                             IND NAME:SHANQI LI TRN: 1002092102TC",-34.00,FEE_TRANSACTION,-180.49,,
DEBIT,04/09/2024,"ORIG CO NAME:FARMERS INS            ORIG ID:9496351302 DESC DATE:240409 CO ENTRY DESCR:EFT PYMT  SEC:PPD    TRACE#:021000022092102 EED:240409   IND ID:                             IND NAME:SHANQI LI TRN: 1002092102TC",-186.54,ACH_DEBIT,-146.49,,
CREDIT,04/01/2024,"Online Transfer from CHK ...9383 transaction#: 20334522537",50.00,ACCT_XFER,40.05,,
DEBIT,03/29/2024,"MONTHLY SERVICE FEE",-15.00,FEE_TRANSACTION,-9.95,,
DEBIT,03/25/2024,"CENTRALDISPATCH.COM 858-259-6084 NY          03/22",-97.95,DEBIT_CARD,5.05,,
CREDIT,03/22/2024,"Online Transfer from CHK ...9383 transaction#: 20233756622",50.00,ACCT_XFER,103.00,,
CREDIT,03/12/2024,"Online Transfer from CHK ...9383 transaction#: 20138208076",100.00,ACCT_XFER,53.00,,
DEBIT,03/11/2024,"ORIG CO NAME:FARMERS INS            ORIG ID:9496351302 DESC DATE:240310 CO ENTRY DESCR:EFT PYMT  SEC:PPD    TRACE#:021000028687853 EED:240311   IND ID:                             IND NAME:SHANQI LI TRN: 0718687853TC",-186.54,ACH_DEBIT,-47.00,,
DEBIT,03/01/2024,"RTP/Same Day - High Value",-25.00,FEE_TRANSACTION,139.54,,
DEBIT,02/29/2024,"MONTHLY SERVICE FEE",-15.00,FEE_TRANSACTION,164.54,,
DEBIT,02/26/2024,"USPS.COM CLICKNSHIP 800-344-7779 DC          02/23",-9.85,DEBIT_CARD,179.54,,
DEBIT,02/23/2024,"WITHDRAWAL 02/23",-7350.00,MISC_DEBIT,189.39,,
DEBIT,02/23/2024,"CENTRALDISPATCH.COM 858-259-6084 NY          02/22",-97.95,DEBIT_CARD,7539.39,,
DEBIT,02/21/2024,"Zelle payment to Cheng 19926882443",-2500.00,QUICKPAY_DEBIT,7637.34,,
DEBIT,02/20/2024,"Online Payment 19914994575 To ALS 6029 02/20",-448.73,LOAN_PMT,10137.34,,
DEBIT,02/20/2024,"WITHDRAWAL 02/20",-10000.00,MISC_DEBIT,10586.07,,
DEBIT,02/15/2024,"DOMESTIC INCOMING WIRE FEE",-15.00,FEE_TRANSACTION,20586.07,,
DEBIT,02/15/2024,"ONLINE DOMESTIC WIRE FEE",-25.00,FEE_TRANSACTION,20601.07,,
DEBIT,02/15/2024,"ONLINE DOMESTIC WIRE TRANSFER VIA: WELLS FARGO NA/121000248 A/C: COX AUTOMOTIVE INC ATLANTA GA 30328 US REF: ATTITUDE D LLLC 5512120 VIN: 5UXCR6C00LLL76345/BNF/A/TIME/15:30 IMAD: 0215MMQFMP2N056643 TRN: 3535414046ES 02/15",-33640.00,WIRE_OUTGOING,20626.07,,
CREDIT,02/15/2024,"FEDWIRE CREDIT VIA: BANK OF AMERICA, N.A./026009593 B/O: YUFEI GAO OR 972015885 US REF: CHASE NYC/CTR/BNF=ATTITUDE D LLC ELK GROVE CA 95624-5098 US/AC-0000000 09120 RFB=XLQE8X3MS OBI=POP GOODS B BI=/CHGS/USD0,00/OCMT/USD33240,00/ IMAD: 0215B6B7HU2R013317 TRN: 0647331046FF",33240.00,WIRE_INCOMING,54266.07,,
DEBIT,02/14/2024,"Zelle payment to mingshuo song JPM99a9gn5yt",-3000.00,CHASE_TO_PARTNERFI,21026.07,,
DEBIT,02/13/2024,"Online RealTime vendor payment  11122734803 Payment Id REFERENCE#: 1122734803RX  to  little turtle 6580",-11000.00,ACH_PAYMENT,24026.07,,
DEBIT,02/13/2024,"Zelle payment to redline 19856689292",-85.00,QUICKPAY_DEBIT,35026.07,,
DEBIT,02/13/2024,"Online Transfer to CHK ...9383 transaction#: 19856550125 02/13",-2000.00,ACCT_XFER,35111.07,,
DSLIP,02/09/2024,"REMOTE ONLINE DEPOSIT #          1",33500.00,CHECK_DEPOSIT,37111.07,1,
DEBIT,02/07/2024,"ORIG CO NAME:FARMERS INS            ORIG ID:9496351302 DESC DATE:240207 CO ENTRY DESCR:EFT PYMT  SEC:WEB    TRACE#:021000024656353 EED:240207   IND ID:a365208933                   IND NAME:SHANQI LI TRN: 0384656353TC",-482.18,ACH_DEBIT,3611.07,,
CREDIT,01/31/2024,"Zelle payment from YUFEI GAO BACi8864z4ia",1.00,PARTNERFI_TO_CHASE,4093.25,,
CREDIT,01/31/2024,"Zelle payment from YUFEI GAO BAChr6tpxc4h",1999.00,PARTNERFI_TO_CHASE,4092.25,,
DEBIT,01/30/2024,"CORPORATE FILINGS LLC 888-7898466 WY         01/29",-36.36,DEBIT_CARD,2093.25,,
DEBIT,01/26/2024,"Online Transfer to CHK ...9383 transaction#: 19684718612 01/26",-2000.00,ACCT_XFER,2129.61,,
DEBIT,01/26/2024,"ORIG CO NAME:MANHEIM                ORIG ID:1581936030 DESC DATE:       CO ENTRY DESCR:ACH PAYMNTSEC:CCD    TRACE#:091000017717922 EED:240126   IND ID:ACH4973680                   IND NAME:ATTITUDE D LLC             INV#71889886  \5512120    SALGS5REX JA50048218LAND RANGE TRN: 0267717922TC",-105.00,ACH_DEBIT,4129.61,,
DEBIT,01/23/2024,"CENTRALDISPATCH.COM 858-259-6084 NY          01/22",-97.95,DEBIT_CARD,4234.61,,
DEBIT,01/22/2024,"Zelle payment to Valley auto 19642834917",-180.00,QUICKPAY_DEBIT,4332.56,,
DEBIT,01/22/2024,"CORPORATE FILINGS LLC 888-7898466 WY         01/21",-50.00,DEBIT_CARD,4512.56,,
DEBIT,01/18/2024,"AUTOZONE  06289 10047 ELK GROVE CA   208833  01/18",-27.17,DEBIT_CARD,4562.56,,
DEBIT,01/17/2024,"CORPORATE FILINGS LLC 888-7898466 WY         01/10",549.00,DEBIT_CARD,4589.73,,
DEBIT,01/16/2024,"Zelle payment to John JPM99a825rgd",-150.00,CHASE_TO_PARTNERFI,4040.73,,
DEBIT,01/12/2024,"CORPORATE FILINGS LLC 888-7898466 WY         01/11",-99.00,DEBIT_CARD,4190.73,,
